Ticker,Date,Title,Source,Link,Full_Title,Content,Discard_Reason,Discard_Date
360ONE.NS,2025-04-27 07:00:00,"Dividend Stocks: HCL Tech, Tanla Platforms, 360 ONE WAM among others to trade ex-dividend next week; Full list - livemint.com",livemint.com,https://news.google.com/rss/articles/CBMihwJBVV95cUxPTVRtQlZFeFRvWmUtc1dWQnk1aloxMXZPWmxaY2VIQXZMeFhsRkdYVkZYRUdzN2c2ODFCSW1lNW11VmhGZ3BHSWtrdjhaRlJLWHU4bDVkclBCSDZCWHZoZFFkOFFSRmprUmlzdGowWGVlZVlQalFNSElJUjZkRWZKTjFxRUluS250QzBfNUFrdW9UTmlRQzY5THRhRkZyY2s1Z1M0WVpwd0xxTTEyVzFKUFNSMGRDaEFGRXdRWXJLek5YWWw0M3VhN0VKVjVzLUt6QUZ5YWlCc1l5UnFCOFNMdkhCZk9JU1pzZUk5MTAyNEZpZ05qQ3I0SE5qbEZ4UHhXR0lpamN4Z9IBjAJBVV95cUxPTEFzVy01Vm5oVS0xOC1NRUVvNjBnQVROZTBDbFdETGJvMVNqQXFiUmtfTF9rMUFlSGV5OFcxeUs0aUtOVHE1MGdTazN1cWhlWlZUdVpuQXVfdGxPUHJ0Q3pYejdwWkV4dldlY1hxU1YxNHgtOWlwa3NobFVNS1loSjlzRE5OeDZsZFBnRzExOUFXMFhBWFQyWGJRc09ob2ZucUNlMWhGckZHTTRyTmxYdnlUcWNIc2FEcVNZSXpiMzlWdHBfUDU0TmtZSWs4aWdrZUxuUEZDbmVqakg4eXFCVlpwd3Nob0RQdEQySXVIV2pRa3BCQzlIZDdOQ2RTdkhCY2tVSUJZdkdmaWZC?oc=5,,,No valid content / Page blocked,2026-03-01 17:04:30.885933
360ONE.NS,2025-04-24 07:00:00,JM Financial’s top 3 Buy recommendations at this hour - financialexpress.com,financialexpress.com,https://news.google.com/rss/articles/CBMiowFBVV95cUxQeFl5TUdoUXdmdUFSdWowaWF3ekhQemtZX0s3UVR1aS1IZW5EdDhHWngxVFBkUUdhVWFQbFJOSlR4UC05YnN0TDMtVGc1MFd6Q3JvSnlnbnJ2eUh0UVVPQ19uWXZTNFRBTUI0bGxfVl9nbVdKSHVDNHlSMHdveXZJQWZiNEpKZWlWNW9wRzRRRkl6cFN5T3BuQ24xS2JQNnBLLVow0gGqAUFVX3lxTE5PcmIxZkhZVTNVYWdad21DQ1FSWlQ3NncyODVJaEd5NnFXd0hrZDlDN1Z0aE85MVd3ZFcySC1PZG9peTdhaVYtWUg2NzAyV05ENVJDa1ZKYW1UbDdNV3BQUzZTLVJRTG1udUpjSnhDT3F1WkdHMnJERFpPSnkydzZBNmlOX1NEaG9DdDJlWVVVcTNWQXpzdUxuV2xXSnIyLUktd1lJQkd5Wnhn?oc=5,,,No valid content / Page blocked,2026-03-01 17:04:38.668974
360ONE.NS,2025-04-22 07:00:00,UBS Inks Deal With 360 One to Drive India Wealth Growth - Bloomberg.com,Bloomberg.com,https://news.google.com/rss/articles/CBMipAFBVV95cUxPamF4VGdTVl9wN01NM2JnYVUtb283ZHo2dWdDaGJCT0Ryc1B1SWo2eXNWeGhJMy1VWHJSaS1SWjNwUmlDT0tBUGpBMHUzYkRYa2ZLSkJvQmxSR3pDQm52b2tkaXhpWnVwZkl1Qmh0b0FUNEx6YnN4a3E2bVh0bG5MenFRdXVZamdCUUp0Mm85cU9rZnBjQ2hSdzNFTmpFN3FlSlk4eA?oc=5,,,No valid content / Page blocked,2026-03-01 17:04:49.205901
360ONE.NS,2025-04-22 07:00:00,"UBS picks up stake in 360 ONE, eyes further upsize | Stock Market News - livemint.com",livemint.com,https://news.google.com/rss/articles/CBMiyAFBVV95cUxNRWctbjFYX3ItVmNUME9ueGlPbnplV2NuSm11Nkoxc0VfOVR1aWwxcnNYNTJLbGpRUVhmaTYzMjYwNzBTZ3MyaDRjeWdiY3BWQUV3NXJWeVJSVndMUW9ob09ickxxdF94c2JGVDVNSW91cjNLUXRhd3B4ZS1DcXNfaGtnMDJLMzNRZk9PR1pQRm5nMHYtY0RRcUVZTy1fbUVtQ0hKdmk3cEhnLUZCczNRUk5OZlVocWoyUjBzLThSSkE2UXV4TlFvcNIBzgFBVV95cUxPZkJTWThkbkxYUG0tQXBlTXViMTZaTVNVVi1xeDBRdEEtRmh5X2swd0NLRzdSQXBQbEh4MWRHZTIzT0Jld3luV2lsX2V0a0RsbHJwZVFFQ29zQ09vSThacVVLLVZRdEt2djJrSnJWVlh5ZGg2WnBJSUZqU3QwLXIwaGRyV2syZ3lMLVFYOHgySkNUUnlCTHdnQ1JqemttVERUVHNkVS1qSW44VTQzV0VYZzNSZmNkaTY2NUY4dGlLSkUzem9odDQ4VW5hVS1GZw?oc=5,,,No valid content / Page blocked,2026-03-01 17:04:55.878772
360ONE.NS,2025-04-08 07:00:00,Breakout stocks to buy or sell: Sumeet Bagadia recommends five shares to buy today — 8 April 2025 - livemint.com,livemint.com,https://news.google.com/rss/articles/CBMi9wFBVV95cUxQdjNXeGlTVkVVQ3dDZHBkZ1c4elAxVV9YTENnMUpDOFJtTjhkRmppNk1OSWFFbnJ6cU9fSEhoNG80SnBLQXZNUGU3SlhULUdqTVlWdGkwcDhHQ2xoZVJsYjZnMWU5c2tLenZYRE41a2NwQm92ZnBwTUdrb09panBFeGdCY3BsMDZ6d0l1bmtPeU5kQXNLYzM4YlVlWk55QVZpN2VKVU5XRy1WQjd6NUkzSXV6UUpIYm5qUE5QamRzWlpvNll6TVE3Zko1ZGRZNVhCRzlVZ0VKSHpjUWR1a1dLM0tQaVNNMGZieDdBY3JXWmRJQ0k4bzZB0gH8AUFVX3lxTE9tLXVaMkdTUzU2ZjBVMENDOGZuZ0hVT1kyaG9FcFh0TUtNWDBnd2VXM01iVU5qNUpIUEJ1anFCUkFnN1BucVkxZlhaZFc1YWZSMzJGWmZIenZodFMwb1NvWmk3X2p0ZmRGS0ZfckpWWENONFU0cjl6SkZxM1RUUEhWR1Nuc09LeWhoN3lESjBveDdWY3B0SVVqLVNfQlJfWWZEYVV3ckN0REJsOTQ5TVRtTGJIZGtCU0tHZGZfQ3hHWDZIQnEtQnQtUktpVjk1UlhWQlBCUENOVkpNZUp3bVVDTUVxb2UzRzV4LXRFaVVMOGNjYTR0YnhVMkFFQg?oc=5,,,No valid content / Page blocked,2026-03-01 17:05:05.764802
360ONE.NS,2025-03-24 07:00:00,320% rally in five years! Multibagger stock jumps 5% after promoter's stake sale - livemint.com,livemint.com,https://news.google.com/rss/articles/CBMi7wFBVV95cUxQcFBxallOSDVPdDc3ZUVNeEw2NGZzTFgzWDczNU9MSjE2ajF0aHEzN1ljd1BVcG9TeHFPSU5XZXRQVzFvQ1RtbWJhZkIzM081SjVwTElCY1BJdTVoRU1mVXdSZWNhbmNycFF4VC03SnpWQlR6cU8xbU5vdXBwWTdfREV1cXV3V1JxOE1UZVVIT3p5REpDeHNEa1BlY0FONzA0Tm9Xa2RfaGUtUjlxUVpYZVVETnhET3J6Wk5mMjhGWmY1UjU3Z2tPSGdQaTdkUjFqc0Z5eW1RSTBWRnJPYUFma3J0cnUxX1hnbzE2Umh6Y9IB9AFBVV95cUxOcEpWZnhrbk5uOUpIc2dsVDhZZktnNklpXzE0cmVLRUtPR1VxZEs4VjRNTFdnTXRXTEUzQ0RzdTBYLUdDQmFXODMxTkNwc0kwbkVST19lT2xzTlRubmZfX1ZZa2ZlR2RvZzFFRkN2aFY0U1FtcWh5ZVd3SE9XUXM0c3YxRlk1bmwwOWJQeFAxcnNNY2EzdjdMZGpRYVZocGtxbEhUYnNrVDA5RUJBbVFaRTJGTDhCeEl2MkdiSkRCaDdrZU5WamF2YmtQNWc1OUM3YlFuRi00R2Rid2gxb0hGYmxfZ2ExZlFYYjJhamx0bzVCeXFU?oc=5,,,No valid content / Page blocked,2026-03-01 17:05:14.484087
360ONE.NS,2025-02-27 08:00:00,Breakout stocks to buy or sell: Sumeet Bagadia recommends five shares to buy today — 27 February 2025 - livemint.com,livemint.com,https://news.google.com/rss/articles/CBMi_AFBVV95cUxNOXJpbFpiTk5YTE93RW5oYUlsQ3N5LTNhUUR1THdIVVZ1bkQxb2E5eFdPSHVVaklaeEFLR1h3blV5NDVjRENSZDY5V21EUmVMY1Z0YUgzbmd4T19iU0Z0aXRreDJtZjEydHZtMGh5YWIya292ejI5SDMwaFRkLTQtOXRrWS1tcFE0X0xrWkl4ai15c2NQbEp5SkgtUTRhWVltS2lzd3pPM2FLYkJ3ZUVYekJhZVVrQ3owTldLNHptcXA0Ni1XRE5VSlhiWEZ4dmxTREx1WDJwT18yMjhCNjU4a1RyNUEyekt4S3EyMUpjSUlFdU9uY3ZMbmNacDjSAYICQVVfeXFMUHA4aWVSSEhicVRhcmVoUXBMcldOSjlMUFEzMVRNVWJ0Nm5KVlV0TmRObWZ2VGdfQnhMZkM3RmJhbFdLcjVwSjgtbk1LV0FlcExtRVJ1UWtaZDNKdThzUVo3YlE3RktRNmxSSUEwTVRjZllKOVF6Unp4LWF2RGZFU2tFWW5GSDRWbHliSHMxVXVBVWhnSTZjYmRLUkFlemlqY1JydmlUMVJiTmp4bVJ1Y1JOZTN5cllJamRMYzAyY0hGamZWZzZ3b3V4RmJ0QV9FaEtITE9IUmM2WTllazdmOXNMWEFoUnJuNjVVN3JJWnA0NTBfUmtCcF9LUTdxdF96UHFn?oc=5,,,No valid content / Page blocked,2026-03-01 17:05:24.205763
360ONE.NS,2025-02-26 08:00:00,360 ONE’s B&K deal may narrow its valuation premium over Nuvama Wealth | Stock Market News - livemint.com,livemint.com,https://news.google.com/rss/articles/CBMihAJBVV95cUxOT0prMm1iWGRWVmJmNktObmRPLTBSX2FjcmZhU2dVZWIwLXBYLWEtVXhFTnkydld0dXJ1MnJxeFZSRXlmTWE2b1l6N1lRa01WcDNQd2pRVDY2VWJsQVJSdGdqa2NMTnFnZXhFOFNYcnBVMmVadjdpQ2NSeEpVb2VSSnR5bHRmcTNzRTNYSHNLa0l3SzZ5UWRYLUJFRUk2bWJEZXhvM1FVZHNLd1FMQTF5dUhCQnNhRWhBeHdGR0V5LXdkUE9WS044QWdveGZJSEZMNHY0bVJpREI0NEFmTUs4VjB2dUM1TndiTjlVdi1RdDVqNTIzY0dxdDVCanFLWWhXRnV6etIBigJBVV95cUxQOWRNTmZkS2FhbWgxdlhiQTRmZ3djRng1eFY5TjJ6aGtDMTB2LUtFa19ZMEdoNlZ1cjJINWY2UUlCdENwdmppeHRKblFuMEp5NFNkSnhVREVpVDVVaFV0WTlsQVBIZTV0NHYxaHZZUW90R0V4N2pHOWFIUXktUl9HYl9CaDBZR1lMaDkyN0JCQzFWSENxTnVENUFadHFGNlNzWTd6ZHlHOC1rWnR3N3I2cEtJdlBDY1FpUnFLRHBaNHNkNkRSbjVHa3RFRmd5aTlCRHd4WWQ3SElwVjVVX1RMdTZaMXZOU01lN05uRDdkM0hDckswb3FMQUxKd2JWUlctejRobnd6MTdJQQ?oc=5,,,No valid content / Page blocked,2026-03-01 17:05:32.812705
360ONE.NS,2025-02-24 08:00:00,"Nifty rejig: Zomato and Jio Financial Services to replace Britannia, BPCL from March 28 - financialexpress.com",financialexpress.com,https://news.google.com/rss/articles/CBMi1AFBVV95cUxPLVFkaUxXVktUcjUyLUdERFZNNFhneWVkUlBhcFFxU0JJUjNheFZKVWk4eVl3Qndta19nYjBKQUIzcVpOc2U2QU0yNERhb0xUTlotSDhlT2hKTFIweGVOa3l0T2tVV0dZZmdzSGJSTklMdWxxbm1zYlJMQTdlQl9tZFBTLVNCX2FOUTRISXNZcktjWEJ5YU9BekZLbjUyMTZ2d3Z3NExFX005T19wX2xId1hMQmFwMjRpQjdqY3RQck40SHRiOFFCeDh3QV8tenAxSnJ0RdIB2wFBVV95cUxNV3F4ZWFhU0VmLW5tMjZGRVdJNmxmVnd4ZWdpRlFROTJSMC1aS3NSSktzNTlxeTAwT1poOVFwTHJpZmstUzhQT3hoT1VyZnJ1eDhuVWFfWDJHckdxR0UxX1V2VG9pZzhwNk84U2lsQ2hZa1d6bVdYLU83RjQ0bXJlMGM3NTBNSHdhRTZqQnkzcHJaaHFMS0hmQ3l5eVp6MlI1b0I3MWJIdzI1X0RES1oyVmR4RUhEcEhnWVdKRER5cjlPV2UzMVFPWDdfZWpvcjdXVHZucXpjbDIxQzg?oc=5,,,No valid content / Page blocked,2026-03-01 17:05:43.638459
360ONE.NS,2025-01-27 08:00:00,UBS Nears Deal With India Wealth Firm 360 One to Spur Growth - Bloomberg.com,Bloomberg.com,https://news.google.com/rss/articles/CBMiswFBVV95cUxONE83Z1liVDdMazMzTEtTSmFfMlVUbjh1anphTnFtNWNxQnhRa3VBZUc4TzV2RmNmeG1UaFU0dXFwLVkwdHd0SzNXNUpBanFHZkNtV3RDXzV1b2VMT0hiTkxobnpGbmhVdUZfYkNJcFVMMVNObjg1LW5La0paTy1iQUtValNmQTBtRE5hcjBQcFBaR3QwLXgwUFBuQjd3N3oyRzBMVjR4UlNUZUJhemg1c1JGMA?oc=5,,,No valid content / Page blocked,2026-03-01 17:05:54.782383
360ONE.NS,2025-01-27 08:00:00,360 One WAM to Buy India’s B&K Securities for $205 Million - Bloomberg.com,Bloomberg.com,https://news.google.com/rss/articles/CBMirAFBVV95cUxNalpTYlBnU2N6WHhqeXgzYVY4eUlmTndBSU1qZ3Utdm9seTFieDVpLUZTOFJta1R4aGpadTBQV2F1VTM1eXBsVEgyWXFOM2ZJYUtJSm1xVU1rR19FOExPX0hQNm1MeFJvQVNTRGVLYWF3U1pXTkVlazFDNDJqZy1LTEJ1aUZqWmJpV2g3OHJjZFljalVjX3BEeXViUkh5bnUyR3lXNklQVkJrTnJh?oc=5,,,No valid content / Page blocked,2026-03-01 17:06:05.385953
360ONE.NS,2024-12-17 08:00:00,This company is profiting from India’s wealth boom in a massive way | Stock Market News - livemint.com,livemint.com,https://news.google.com/rss/articles/CBMi5AFBVV95cUxNUU91TndCclVidFF0T2tfQVRtYjZrczZUbHZNVkFQVS1acHcyVUpFOVNjVXJzMVlibWlCdDZKMjJvWEY3eXl6R19tRjdGdTY1dHlZbHl5cDVSU2kxdjdOMEFoLWVDZzJjelRzV3RzSE11UDJiZ3lHcHhCWDNVb0E1d3ZrbFkxb0FKMjZ4d2FITUV0aEZfNlQxbzVJb2dCc2V5UDlaMDZwQUxNa0gtOFBkMTBDdnZNYjVLN2pHUDBOd2xMZC1JYWxyTUFncHpDc3lpaHVNZXRqZnFfcVlIUEdUdUg3eHXSAeoBQVVfeXFMTk9KRHkwd05vODRSaWt3eERwMmJOTVYzbkd1UVM5ek9WSF9tT0ljb20yUUhOWW1QQ01QTHlZN19pcWpTbUg4cnB2dy1oemlMczZKRjNUMnppRlE5M1dydTJBZmZUYklzeFFLc2kwa250S1lEbkJ3VXRIRDJDUDlqT3dqYklLZFd3YVUwNjZsa2VubTcxbVp0S3hwdEFLel9WLUd1RTdWcTNQa283S0lxdUlzUHNzOEYzU2lNMDV0UG9EaTZpbG80S3cyS0VJS0lzdUhJbC1xSjk5X3BublJ4VDF6V1NGM2RhM3VB?oc=5,,,No valid content / Page blocked,2026-03-01 17:06:15.445987
360ONE.NS,2024-12-17 08:00:00,Breakout stocks to buy or sell: Sumeet Bagadia recommends five shares to buy today — 17 December - livemint.com,livemint.com,https://news.google.com/rss/articles/CBMi_AFBVV95cUxNcS14b2tqRzJ3QjU0REs3MzNzRmY2SDhWem5TMFJudnAzYmF1cmM1bU5ZYTRmTFRfQXRLdDlXNF9HZFlyUGtCR0N5Q04yNmZqZklmQi1RV203YWZ6WEtsTFFHVHljTTlMVVkyQnhHRVZXS0p3bjlZcDNjME51dXFYT0JLdGRwMFk0dFBha3hZVmhiaDdYdHVhYzhoeVRUb0xOSUFqRUVzaW1RVVp3Mmk5Ni1vQm5UR2VkeTJ2Q3Qtbkdkb2pRcjB5V1AzWUg4RjJ6b1ZYeExOSjRQaS0zTXVjWEdodWVXT1k1YXJFRXo4M0l6YTlkU3d4QldUTlrSAYICQVVfeXFMT2t0SVI2SjRuVDJFWFJUVXJ0LVA0aWRxUURRcUZJMzdxc3VNTnJ6OEJaZG5YMEZPOWVUSWd2SFN0QUdwV0lzU2plaGdSYkdTay1Bc3ZGYnQ2SWpxYmVxQ2x5ZEkyUjNORkoyRlRpeEVmRTBlN2NocU5kOGpPRWFaMThUajh5dlRmMlJ0VnlPYlY4Ujhmd185Tm5GU2RuQ2tCcUZRWkJuVVdTSGp0d2pwekdxNHRaVE1RUjMwNmVTUVhjZGdFejNCa0ZCbHBsNTJqcTRsSHExTHhKT2oxb2NHLXo0RGpQZmpySGN6OWd1WTZXR2lZc1kzWjBDN3Bod0YySGp3?oc=5,,,No valid content / Page blocked,2026-03-01 17:06:22.576867
360ONE.NS,2024-12-15 08:00:00,Hinduja Group to close RCap deal by end January: A.P. Hinduja - livemint.com,livemint.com,https://news.google.com/rss/articles/CBMiuwFBVV95cUxOYnlkVnMzMk5OQUtsYUFTYUVnR1lyZ1p2bXhZWXJTQ1Y4Z042WHJVMUM3NUtHLVJaUDV2U3hRWjE3aXJsaldscjVUcE5KUVkydWtVblZKRWFRb1d3SEpXVjJHcXhoYWVPaVNsZnEyZ1VtdDZscVlEcVpSdW1kRXFJbm1EeGFhV25vM2FiVmhBM1Yzb0NtWjI1dGRNWEtCekV4TXpDV3NqQjgtRURnQ2tjaEg4UWxUUXVPdmVF0gHAAUFVX3lxTE9jM3p6ank1TFViRkQ4YnRRN01GZTBYc0J0NjJrdUY1ek9XWHA1QlJsWlQ5VmxJY05fUDBFdUdTZmZtQkFkN2J3MVZhTGdoWG1NeHduTHdjb1ZtSTVUVkNyTUREdGVUMEpQbDlsQXNlWWZqd3RyeUlDSHlpM19yLVNraXUzaU5DMGg0eHA2TVRhT0RNYVdqWTBNS0J2TmVvRXlQYlg2MTdRNG9id29oWDFYWVFVX1BiOFFYbHpXSEZKMw?oc=5,,,No valid content / Page blocked,2026-03-01 17:06:29.879961
360ONE.NS,2024-11-11 08:00:00,360 One co-founder Yatin Shah buys ₹158.51 crore penthouse in Mumbai's Worli - livemint.com,livemint.com,https://news.google.com/rss/articles/CBMixgFBVV95cUxNTV9aaHV6MnR2QXo2TVVZUDVMZHl1cDBhV1M1VFF6QmwzOHlSWXF4UDRGMkhKanVXbVZQOFRpQkRJZ3ZTeS01amlLcnlHZF81SGptQy11d0NNMHJzY3g0aUt4SGxxN24zX3VOY2ZYcjFqd01pd1IwUFFIOWdxMDcySmJSWkRvR2ZDdlpTMzJnQUo0YzhGUjBUX2ZWejg4QmNrSUpfa0R4RTJ3S2ExSHlhZUwteGpvaTQ2UWFlX0ExenV6QUFxd3fSAcsBQVVfeXFMT3FjaUVCckY3RXBSc2tSN20xaGJ1b1gzcFVxaTRnTnlGam4yVTZFLXh4ODNTSDc4YjJoTHJqYjB5aG9kRU40c3VrTUZkcDlmanFPenV4OUUwV09FbldUWnNSdWV0dEhMRzZvM1BsS2dfeHFKd1d6OFllOXRYdDg4ZkFfdWdiN2QwRFNfNkgwTFZwM3VmUUYyLWFZUnAtaWdENlRoVjlXVGdyX2p3enNSRUc5a2otakFZeHUyVzVxMUY5aWd2Q0o3OVlubW8?oc=5,,,No valid content / Page blocked,2026-03-01 17:06:40.117391
360ONE.NS,2024-10-23 07:00:00,Foreign institutional investors are hoarding these 5 stocks—should you? | Stock Market News - livemint.com,livemint.com,https://news.google.com/rss/articles/CBMijwJBVV95cUxQRXRUNzkxUjR0aFh0VV9BMXBJQmRfSzAwSERLbG1zRFdfWG9yVUk3ZWRzMUU0SkZaQ1ZqX0prYWFlSDFBajRVTjdVOXpLNkx0dHlyUU5XRkhtT0phS0dkb05vZDFjWFRhY2laaUVRUFl3dWhxWFJYQllzSUpMWHhMeHdUTUdoZUZTVnlRWmxjRHlReGFoMFE2bHBuWGZyS2VVd2FPOFlHX3c0UWFyeXFucXc4eFhVRUh4WnFBdTFaQjFVMWRWeUI0ZUVGbmdGdVl6OGZ2S1A0ZENxR3VQYkdFd0VkNkRqcURIZ1hKeG1SYmxtb2JvSlozSEYxUGp6dmQ3SHVvUW9Wa0I4WUlKZktv0gGUAkFVX3lxTFBfZWx2ZmxRUXoxVHNVSExjOWlmUjdOMGtLTGduUlozaDZHUjVyWnQzeC1HMC00ZVdCcThyazNDTDM3RjdKdWNHZ21BNjRod0ZVMUtkbzdDOHEzU0V2N3hRN3pPN0s0dklYazdrelFuTFQ1U1FLbjZwQ2NFcmszMDFjdFBmRXd3M0lNLTZ4QllnUFBQZlg0TTdfZ0NXUW05WWFTVXhwVDV6Rm9NOFpoalhhbzhPVnF3dlZqVlRqRjY1STFrTVI4WHZ5dThMWlVzSUtCalFSVC1Yd0cwWnVRQjd0TGpHVDBEcXVQRFNNbzg4ZmVDeGZyX1dCZTNSdlJaYW81WjhtSVFVUjNrTm1NOWRpeTcxMQ?oc=5,,,No valid content / Page blocked,2026-03-01 17:06:47.765294
360ONE.NS,2024-10-14 07:00:00,"360 ONE Asset to launch Rs 1,000 crore special opportunities fund - financialexpress.com",financialexpress.com,https://news.google.com/rss/articles/CBMisgFBVV95cUxNOTJrTnY3VTR1LVR6NFRNcDJNVFVmaE9TTEtOeW5YZWhqLWg1MEF1ODRSdm5RdVcxdDBqaDJjZFJja0FObzF5WU5DY29uR3RCeFFZcnZwWTZyLUY2T1VtNnIwczdOSXRpWGI0ZVZkUmlSRUZOY2VrdnNiT2tFalB1NUpIRVI5S0ZXWjBLMzFHMjF0elY4Y2h0LW1NZlI5UkQ5T0VYbEY4eWFlcUV3czNEWm9R0gG4AUFVX3lxTFBxWU1SZXM3M1lGa2dhd2lGVHh1QXNPWlhnSWRqMExuT0t1SmdjRnZsVWtQSTQ1cXpFT0Q5dGpaUWJsSExpVGRERVBCZllYXzlWeHh6NllBbEVoeTk0TjhtRi02WFZuS3RnbE02NzBrdHVYbWJ2dVFDTk52Z0RpZ01fNXZwNTR3TGlFRm80UWlubnZOdGtPVF9kWkVKVTZCR3BhUl9sTEhYaDhOU3ZYUi1yQkg0WDBUaUM?oc=5,,,No valid content / Page blocked,2026-03-01 17:06:56.878718
360ONE.NS,2024-09-20 07:00:00,"Barclays to anchor ₹4,300 crore Hinduja bond for Reliance Capital acquisition | Company Business News - livemint.com",livemint.com,https://news.google.com/rss/articles/CBMi_AFBVV95cUxPTklvMkN4dGpkRlpJMWNRSldjeXkySzhpZkN4RXFlcURVQzlLWkFoazREaWpaeFJZbUpXTERBLURJM2ZsbVFzMjNROTUwZ1NEVC1GZnhrR2pJclNVd1BQSXQ1cWJyamxxLWE4OUVpck1XY3E0ejIyVUZoNjVLLXYtN2pZdnRqeVhPSWFQb0VCempBNC0tYkZzU09Tc3Y1eW5SNE00NHE1bzhlNlh5SjJnRExkLVpmbEQ0QU9abVRDZ19sUmQtWmkxN0F5YmxUYTNqOWR1U1pmTDg4ZEs1bkQzSW1NTmlXdmtpQVBrd0FJMmlyY1pKcUhHZkQ4TEPSAYICQVVfeXFMUEJNRDU0NUtVaDNkWmNTWlg5NDhIWTNBZ01GOW9HQktKSGhTamlaTjNKY2Jubzlud1pVSkdWczY5Q2Uyb09ldUNWMFRxUURid0ozdVJqRDdUdE9DLURaa2NYSk9VYUdNQW1vWlRwWC04dmtEc3ZZV2xuOHRzVHM0T29KdXVCRnU4UGFrZC1VV0RJTWlpc3NjOWdhNHRoR19MQ2hhVk9HVWhMbmRnR3loekVDYlljVFN0cUdiQ2Y0cFNrYkN4V3otcEJJMC1iZW1DaHRRbElkb3pDRzlueE1ULU1JU2dHbmxLUXdXNmUzSFFISGk4Q1FQU3RyaVZqUkl6Nm9n?oc=5,,,No valid content / Page blocked,2026-03-01 17:07:06.626456
360ONE.NS,2024-09-19 07:00:00,"Centrum Broking initiates coverage on wealth management, sees upside in Nuvama Wealth, downside in 360 One WAM - livemint.com",livemint.com,https://news.google.com/rss/articles/CBMiigJBVV95cUxPSENKem92ZWtjWWhNMnB1YUxSMTVyQlEzenZuUXQtaDBUR0E5YXU1VGIzdWF5cThpTWRzdW0zUmhsOGNfMTRHSXNjamRFY0dqUmxmRDctN1NhSWdVelpVcDFGUDFIbUk1X0MyVm5PN0o3V3BWQ0Y0WUhPUWRsSnlhcm9oYm13cTJaNHAwYS1KZ0pRczhWS0Z2T2tzTERvcWYtbWphQVhpbEYzMVJ2T2NtM3pJSnAtc1AyeVB2c1RvWElIYmNIWkNSTlpsMXU4NGdYYlJ0cGRyUjdxdzl3anA3RE9jYTFidkJ1R2VXbFZMSnp2YU1Jd3UzQ2pBcXdTWEpKcHJOQ1hJNUE1QdIBjwJBVV95cUxPbUZMR1U2ZzlfSnhjQ0FpcjJMUHQwZkRRdEdBampPSW0wWF8tcUxhbWVPQW0xX0hKd09VV21iazZEYXpoemI3bl9JeGNULXpaMGlwZGVfcHRqWFZEM0dTYXNKWUE5bTlzQk95eFA3N0F3U3V6WlFURnBJTEFYMW9wcjVSQkVXcVNXYW53QmJxR2FrX2RuZF9va2hXaEFyUWFzZ3R2T2hrNDcybVozMWxLLWFiY2w0YXk0N3VmVjlONzNBMUx1SEowQlhTREJIN2Z6TnI3S3VEbkY3ZXJKTWdxMzdRbzhDZGJJakRUcWdkSFljVTVDOS1uZXdRXzBLd3hnNWc2dTM0aWVMTjVRWENJ?oc=5,,,No valid content / Page blocked,2026-03-01 17:07:14.437351
360ONE.NS,2024-09-16 07:00:00,"Neuberg Diagnostics in talks with 360One, M&G Investments for $100 million pre-IPO funding round: Report - livemint.com",livemint.com,https://news.google.com/rss/articles/CBMi8wFBVV95cUxQeGdFMVVMb25pU0tOc0RrWmt0cXJqVjZneWRXanlPR3ozUGlGZ09GdjVwUGh0ZWVlclM1YTRxMzJBTjdWNmhTZGlzMnF4blZqcC1FcWEydEpkbnA5SW45T1ZMMTdJTk5aSUJ6M2h5dWQ2Nk1JUlFoR2JsNUdBaEtsMnJQQVZibDdQY05XVENWMnFYMDdQQjFJYmxlT1VoZFU4VktoTWwyNGV5bkxTc0ZGbFpwcUFaZ0dkbGpsZ0FTMERmakhMdEVzcWk2MWd2ZDNiRVFkS3c1WDMxbWFnOG9jYXFwTWFac1BIZXZFLXAtMHFOR3fSAfgBQVVfeXFMTkQtc19TWi13T3VaUk5CRUNZeEVPblFacTdyR1NUZmdnbnVEUWhWbVBxUWVrYTBxNl9vVFBTdTAyMXZtbVpYZWthSXVUUENuZXR5WHJ0cmVUU1ltTDRLY2NBbzJla3NwdW9UcU9DU2MtTW5jbWhQZV9lQmNubG0teW1qQ0VfMGN6UzFEdHNQUmlzNTkyZzV1SFB1TmRWQzY2dmVvSEs5WThvcGxWZ1RfcURhcDhMMjRsWUlOb184ZXY0c0kxU1U3NTBiY2wxTlJIYlJ0UEFfT0hDcE9nQ1lmcjZHcHl0dlhaRTVuSDlFOUs2NExSSVp1TlQ?oc=5,,,No valid content / Page blocked,2026-03-01 17:07:22.499125
360ONE.NS,2024-09-13 07:00:00,Northern Arc Capital IPO: NBFC mobilises ₹229 crore from anchor investors ahead of subscription - livemint.com,livemint.com,https://news.google.com/rss/articles/CBMi5wFBVV95cUxQazNKN2NCV3hFVG95ZktuSWRNWFlVRlQ0SHU4V2ZGMG1aTGVoLVRva2NHNllCVENvdlB4MFllSnZkbC0wMWRjcDdUaGN0TTdTX0NTR2hsNHNZbXNGc25yc3ZNLWt2X2xsUGJ2OXNlWWVPcmZ5THdhV1JQMkY0dkVxaVEwVGhtTEwxMDI4UFdvSzVhQ3RQU28xa3VrTWR2TFM4bFlfcW44Mjl1RHFWQktlQlVBMGZaa1Q3d0tNdjJFWkdmOGxjQVJjdkdlOVQyV1F3NUpvU3cyLVdWdEhaTHRPNDNqUGVldlHSAewBQVVfeXFMUDh4MEJZaXFzbkcyQjBUOFVXemhnWEdnYS15SVppdUtsQUU5M2h5Qm8zS182WkFIdU96RTYwRFpYYVVaTjc1aWd1ajNjdTVLc25sbVhhWDZnTWwzcG5PbWF1ekNoVzRzSG11VHVEWU5CaTNpRXJmX3BHdEd5YnV5dnl2SERINDY4M0ZPS2hidVlmRWE3SFRodllWUEp5aWp4Uy1qeDF5TEw5WFVMNEQwejJ5bUpiajhkWVZSVTJkeXNnY0xfVHQxWmNOeEFwb0RfSTczTFg3Mm1jZGY1bEFtQ2I0d3lmanlXRGpuVG4?oc=5,,,No valid content / Page blocked,2026-03-01 17:11:34.807871
360ONE.NS,2024-08-31 07:00:00,"Some good, some bad: Experts on Sebi’s plan for tough merchant banking norms | Stock Market News - livemint.com",livemint.com,https://news.google.com/rss/articles/CBMi6AFBVV95cUxNMHROUm5IMjFtUEYya3E2Qkdsa3pBQWl5dy10WndCbE5UZkNCZk9oMHBXTVdmRDhYWWJDMEIwM3JvRklpSEhPWkN0WVFUM1M3cHZEUzk3M01KQ1BPMzlmbndUVVh2UUtjUzBsYVB4Ri1IWGxXU2MxaGpRVEhvU1BjOXVGNEJobjhMNEtGNmJWMWUtSEdkMThleHk3dHVXaGlDR2FGWlI0cTR1M2tpSVBrcDlnTWtHQUlSNTB6ckZxOFN2V1FNWkNYSFpVLVJmeGNLZG91Mm01RWNOdWRkdndGeHRmV3BfdHll0gHuAUFVX3lxTE9EWTZzNGdwTXhUUHd2aF9YLWxTODB2aHFxcWVvV2xNRzVtZjZweTBPWEZRUHVFNFJRUDFYRUo4Vk1uc3JaSHFCRW0yUUJqQlBvNVlnZWhuWks1MlVwOWpKZkZQYmhjZ0Z2blY5MUQ5cXpBRTAxYnpDbzdMd3diQlREX3hqYzNkMWtSLXQ5SnBydHNyYTBNQ1M4RXVHQ3J2X0lXWFNzSGk1cWhfSnRVc1dGVU5CREF3M0Z1TW54ZFdvXzJvaTNHMTI2UThQWFh4VFZkNFc1TTVEbktTZFRtOVBVMndiSF9lSDQwWWdBZVE?oc=5,,,No valid content / Page blocked,2026-03-01 17:11:45.749321
360ONE.NS,2024-08-22 07:00:00,Bain-Backed 360 One in India Raises $500 Million for Secondary Fund - Bloomberg.com,Bloomberg.com,https://news.google.com/rss/articles/CBMirAFBVV95cUxPZTBhQUlpWlBPMXlra3RpWHRFT2NBNEZZemVpNHUyWHcyQzVXbEwtSDJUOTExeXBfdkViVWdIcXozcnNqclVGQ2ZfQzFIemVoVWJLeFFEbTNuekNDRUZHdjlsR1JOYVFTVWU0ajB1Q1d6ZDR0Y0s5UmRwdmhRbEpYRHk3Snc3UUxTS3F6ZXQzQXdmdWltbzVqdEF0SGNMY29LdUt1RmtFV0VZZVR6?oc=5,,,No valid content / Page blocked,2026-03-01 17:11:52.933348
360ONE.NS,2024-07-15 07:00:00,India’s Wealth Manager 360 One Plans New Fund Amid Growth Drive - Bloomberg.com,Bloomberg.com,https://news.google.com/rss/articles/CBMitAFBVV95cUxPWFVDMVZGek9ncFZRbVBZT1lsN2hyUHlKRUZyVkZwdlhfTFZJMWY0UkMwRUR4bUN5VjdtTkZSSEowRWhDWmNZekQ0aU5FME9CRHFxOGZ2Sk9FWVlwQkZBa2dlWGg5eDZXMGhGMEQzNFdpYkRsZmE4Sjk1eHVWLWhpWEhTYi1rV1lSenhua0tVQUM1TUxVb3lWZkUxX0k0aWlzQ0xGa2Q2a1N3OElMU1YzRnlJcUg?oc=5,,,No valid content / Page blocked,2026-03-01 17:12:04.017968
360ONE.NS,2024-06-17 07:00:00,ET Money’s acquisition by 360 ONE: Should you be worried or excited? | Mint - livemint.com,livemint.com,https://news.google.com/rss/articles/CBMiwAFBVV95cUxORnlPVHJIeG94SFo1am9yYmRiRHprd2tPTXNKdjhTZXVwRzNsUHhELVg0MWhWbU02SEpmNGhJUFNfYW5jbjdadkdZVGRzdVBidlF4elBGankyanJYb0laM3JJX2dzYTR5M2tkX1FrRnI0QTVBOFdicmdYM1dnbjViQmdPZUJtSkhqUzRUMV9WWW9XSXlNWkpDS1MtSXNuWVNzMDVxWk0tMDhmMVN0N0h5YVpUY25pbXNPT09DN3duTmzSAcYBQVVfeXFMUEoya2NnMGthWF9QTUY5aVBNSDduZTVCOEFlYjNYVFQ0bjVpa3o4T2JWUjl1UU80Z2d0a2VVeHc4NEw4aWhOM2lkU3RIVlU4UDlPRnBkNlNoUWx2cjBRUW51eGU3cWdmbTVscUxoN3BHUi10dExyMGJLTUNPS2plTWVFODJOQTIzbWlSaUpDX1REVzB6QV9ieTRSR2l2eXJOdVE5RzdRNXNsR2NNRjZUUHZNMFphLUtwbHFnUkx3MzBZUkJrRkJB?oc=5,,,No valid content / Page blocked,2026-03-01 17:12:12.787033
360ONE.NS,2024-06-04 07:00:00,"Dividend Stocks: Coal India, ONGC, ITC, Power Grid among top 10 picks by Religare Broking - livemint.com",livemint.com,https://news.google.com/rss/articles/CBMi6wFBVV95cUxOdkNaUnZmMlBrZDRZVnVTWU1FamRScmtGd2ZuN25yRnFOaWdha0lTY3VTajVheVNnZUltMGx0ZHpzQi1Pb1lZdUtmRG93b2gweFN0RUxaY3RrVTJ2V3NKXzBBWkpOQmowR2VwQWpFQkNIWlpFOF96ZFRidG1Ga01nWUwydUFXSXFNSVJZUkwwN1UwZGtlSkdOV09SM2F4WnhSdU5kaEtsaUsyNjZNX3lnV05qNkRQbVhkWkJqeV9OcVlYWEJ4VWRZX1BWOEJPVXpFTUJVT0Ytc19hSEw0NFhvWVB0eExzaEd3WWlN0gHwAUFVX3lxTE9ZSkROZUpKSktmUlkxTVd2SGlxTkczQXpzUVZYU21TdlIxNTA2VmdFR3dfd3FMTjRFR0hLTnZnWDhEdVd1S1JmWHVOcWtxTkE3QVcyMzdLR0dZTl9pRWNfSmc2NHphc1NmN2c0QUlYMWJzNGx3VEZOTEI2Q2pnNGRTZDlrNlFBbUdrUkFzOXVBNnZkTkpWQlo0MkJRbF9tY2oxMFJRT1ZNaFdKaGpqd3NEeTFPSUhDYUlNNlNlR3hzYjB4X1BIMUxBNVhxSzR3dEN4dWRMdm5nRnVtdDdGN1YxWnlyal9SYVY5OFlfbWh0Ug?oc=5,,,No valid content / Page blocked,2026-03-01 17:12:20.792157
360ONE.NS,2024-05-27 07:00:00,"Adani Enterprises, HAL, ONGC and more: Jefferies initiates coverage on 13 Indian stocks; check full list - livemint.com",livemint.com,https://news.google.com/rss/articles/CBMikAJBVV95cUxNQlBKYTBRRUN6UXlFaURBek1IQlZ6YmZ1VXhkOW1LUnRlcl9NRDQxYnZLM2x2QmZycFRrZWJWZUgwSDJNbVV6NEx6RWs5VWVnandRMHFYc3NqNzZnSjA3Y0NlOWlMWHNNU2NSVm1jMjFSbzJEeGNjNWhtaUU4NVpUMWt0SVdMUDl0SEVSY3RXVGIweDIxY1lNeHE3X0tkd0RGa1UyYWRMYzk1cmpRMm5qcUxUOFZOR2txQzdQWnNETDBVTjZKZ0NsZVhHR285ZGxMWjNGbTJfNFk2X2pSNGhJbi1Ga3JXQVZqWEE0dkJYQURTZU1TeDJHalZ6MlJsNWxaaS1fUHduMk5MWTY5RlhHSdIBlgJBVV95cUxOa0tjZTJ6ZjhJRlR4SnA3Ty1MZGdVSnYtS09OTl9sRVRjbGZhWFJrTm1HYTJjWVBMbjZQbjRfNG5rS3FYQmp6QVJtd3hVVjNNaFJHRVUybmJ0U0VnR0RYckM1aGtXN0xidVdrOC12Sjg2bDNoM3ZiaVZBcXZnOWhDSlhSUXktU2FiZllGYndNekg4dGVhOEVOOEVrNTBZMXgwZVFrWU5ZX3hDdVBlZjdSWlgyamFoRTM0aHo0M2hNVXJtclBzRS1HTjF5TnJ6dk02emtUSTRhM0REdVpxVlVqUVZBYlk1TTVLbVI1RlRzOVc3NXJDdlhLcGRXcHpHaDgyemQ0YXhUY3U1NjU3ZjhYdzRxNjUzdw?oc=5,,,No valid content / Page blocked,2026-03-01 17:12:29.934762
360ONE.NS,2024-04-09 07:00:00,"Nuvama Wealth share price jumps over 6% after Jefferies initiates coverage with a ‘Buy’ call, sees 34% upside - livemint.com",livemint.com,https://news.google.com/rss/articles/CBMihAJBVV95cUxPUE5YMDk5dWQ5Z3VrR1lKb3BSbXlmSU5BMzhSWC1KQlJvM05zUDRpQUVGRWY5a3QzQkVjdEVaWHFfcVdTdkQ2WkFVOVZqRDdCRXJXSHVUb0Z4d09ZcnBiUzgzdFAtYUVudjc4QUJURldtbTk5VDBlWDBmZmR0aVNiZnVaNHNDVHlIQmg5alo2RG5zUk0xb3pySXktUG9IR0dpQUVTMU5taTJwd2xZYWZuelVvaVhVMG9Gbzlmd3N4MlY4MnYxNFNIR0xlTXhxQm83N0czcS10aklWSWxsSTRUdFZKZVVleGI2NnlWejN1UjN5MFAzMDExWmhtX3pDSVpFbDFvbNIBigJBVV95cUxOdXdZS01lNHcxY0FpTlBEUzA1T3lrMFU2R2N2QnhkaEtUSlVScENLTTUydXlPZnZuejY0V2V6WHRHVWs0M0hlVEota3JrZlhhYTU4Rm85VjBKZXNDUmZxc01GdzBQaklhdEF3bngxN1BJQk1DVnFvQmUyakZKb0N1RlkxbjBHMlJKY0hyZFgwV2daVi1GX3JDVVVjaGlkMVdiT1dwcHdwcW1zbzJhODJfV2FXUE1JRGpJdEFsWDVWakdtT0FzZ0hJOE5SS1k4UVdqdWU5LTl1eWp5MXdfMmZLczVsNkNfOWFJRnpteHdJOWx3aDVUWlVoSXRGMEhTTXN6bG9KNGd1MHYxdw?oc=5,,,No valid content / Page blocked,2026-03-01 17:12:40.019582
360ONE.NS,2024-03-14 07:00:00,360 One-backed NeoLiv raises ₹300 crore as first close of maiden fund - livemint.com,livemint.com,https://news.google.com/rss/articles/CBMi0gFBVV95cUxOemdMWnRXRVRNREduLXV0RVFnc3lrcXN3dDBNRkRLazV2aUNYY2c3SWtjSVYwcE5CTlBvS3pZa1VhRVJBMGtXVkVIQ1J2VnlCdzVuOWRQOXVvdy1TZ1lJSmpKcGI3Q1JDbWRReTBhRTBuWF9PNjNhck1xRWJrZEstX09kdVc3U1kwVmktcDVmczNFZUlMUnQtcjBQTmluU2g0TVJveWcyaFV6b0IyUWJUN3NIMWlpclF3RmIyQzdJbzU2dXRUN0FkUnpXMDc4QlN2bHfSAdcBQVVfeXFMUGJhNzkxUDhESFV6MllNV0NpWVFOcWg5LU1JNWNaUkU4U3J6OFp4VzlHWkRGMExpZ3Vmc0VrTWlaaVNRVHV1dFU3V3k2b2YzZlMzemFPWDRxSDI5VUdnVW1OanNmTGJJR2J2Z0Vka2Q1alJiMldJLVVPNjlJTXc5T3ZXR3VqLUtsbFBZN1NwemdhRjE2a292ODVneTBMaDRFMFB2Z1lYM3IyN3M4VkNKeEhpdEhDRTNTSHVCSkJNN25rSkNzVW95bFhlNno3U1ZRdm1NLXZ0ZU0?oc=5,,,No valid content / Page blocked,2026-03-01 17:12:49.941560
360ONE.NS,2023-12-07 08:00:00,"Citi initiates coverage on Nuvama Wealth with ‘buy’, prefers it over 360 One Wealth – here's why - livemint.com",livemint.com,https://news.google.com/rss/articles/CBMi8gFBVV95cUxOdUFKSUVFTUd0LUFpRjYtaWpQREVKUEhlOFBjRjU5T0F4VnloSWtOdDVYZFB1bzNkOWhXcFZGMENqOFhFUUJtTnBmX3hBRmxzU3A4ZklyZVplaHpTWWdJS0oyd0ZyajlZczhZZGdvdnM5R3FMWE1sNWRremFfanBxQl9yejBGcWJ3RG83OXNhVXlQZnlodDNoM2VPWVBNbGxFWVFDdWtveGREdFRFanBrTmZpNEJYQWFKd3NKVnpsVnEwNk5uSWMxVDdxUENzTDJ5bE1LRDhsWFA1WEJxUUhad3JHaXpCOEJ6LXFpdzhBdGxfQdIB9wFBVV95cUxPaVpDZl90aXFwa3YteXg5Q2xkejFYY0x5Y1l6eFpQblJ6UXhZSWhZVzJZVnBoaWdlNWtxckFHSExPd1FIS2c5NHR4UVA5XzRMZWcwMVpTUk05eW5aNkpWdkk5Ni14OWN1dXJaenJ0ZG5mUUpQWG9wMGx0bkkycHFUUTFIdGZVR1kya1FNQ21LbXUzRjN4N1BRR0EteGEzLXBLUnRBT1V6MzhxWnFMZm1vYWplQjUyblBVb3dtcFRlUVlVUTBfcHZYZ0JoLTBTYkZsMWt2dTVDSXpxSm8xZUlPX2dNVTBfeG54RXNvWDl6dlFaM1pGZU9v?oc=5,,,No valid content / Page blocked,2026-03-01 17:12:59.239143
360ONE.NS,2023-12-05 08:00:00,CoreEL Technologies secures $16 million in maiden funding round from 360 ONE - livemint.com,livemint.com,https://news.google.com/rss/articles/CBMiywFBVV95cUxNMFRPU1dEOEVpRV9JcWl1czl6bnN0ZWxUUkFZNWU4dlpNRm1yYUJocGw0TFQ5REg1MW5YQ1R0dFVxMjBZUU1EdGVYSUlHQ2dSN1prUERhaHplMGhRRUJYQnh5Q1FzWmY2ZWdjZVNIdmc4ZmlGcEdHODF0NEhDb194Z0VNUGNYRDFKWWZhVkVMd2U4TEwzbVR0b3RfZ1JBTEEzdkp2NU5YQnlpNEtKcUFkX0dBUlBmMzRISmJhOENPaldadk4yRURPZFpIZ9IB0AFBVV95cUxNM0NJeG1XaF9JR0JmNWFwNUNtVERiYzUzbDd3d1ZZOGx4X3ZLX19UemxWeUljVndNZ25fZ2VJbk5EUHZRQkFvU2loUmlWNkhRZ0t3QTZ0WkhFRTBGQXdrbHFoZnptLU1odlg5OGJ5Q1BGME9YZGRpeWxzQW1RV1BOMEo3MlRjVEpaNUhjOXdBM0x5bnFwRzcxSl80XzBfU1laSkNTMTktcEtHVUJxZ1QwWEJ0U2NMNjY0SEtoVktVd0p6VlkteWpjVWFQYkgxRGRU?oc=5,,,No valid content / Page blocked,2026-03-01 17:13:08.686981
360ONE.NS,2023-11-23 08:00:00,360 One Wealth appoints Satheesh Krishnamurthy as CEO of its high-net-worth business - livemint.com,livemint.com,https://news.google.com/rss/articles/CBMi3wFBVV95cUxPai1OUWt0cjRtQmxiRlJYVW9nTThXUF9PeHdIM19pUm00Qm5tOHhBTjBfZGZZU193VlVONTdUVTFSXy1yb2d6QVRoNFMtLVh5V2ZkMDdqM2xPZGJrZWRBM0ZWWnFfOFMtSTVCaVJVSzZxR2VKUXJkODd1WWhTNXo5QTQxcXVham5KVlFsRUU3NExxX3pfcHFWVnlJM3dldXRYVk82OEk3R1M5ZXVha1hYUGY4VEJucGFsV3ZDOWEzSTVKbUxVVEI2U0xfSVptYXdPSUh4N19ITUtiNGpPTmNz0gHkAUFVX3lxTE5Iel8yUXc4a1hveERaaXpjSnh4T0ZsejM5Ty1KdnhUUFVfaGN4TFJaUlZCWkhCRHYteFlSVGNRSUJTTTI5NW9mUVdIN1J2NnBRaXRYN0tNOXRJMjk1TDE3cHJPM25TdWVzRzlJeUFrcV9hbHA3YnU2cmlfUjZfSmFFdzRQRXZiSVRUTzN1UW9QdGU0bVRKOG5MMC13ejdFS09LZkpmLUFrZEZhS1FuOUFPRWE0SjJqUGRDN2VBaGwxei14NTBiQlFaU1ZBVEVqN1cyRWpvem5YS1M0ZVV6LVk2dDhDYg?oc=5,,,No valid content / Page blocked,2026-03-01 17:13:16.957465
360ONE.NS,2023-11-08 08:00:00,Hearing care chain Hearzap raises funding from 360 One’s healthcare and lifesciences-focused PE fund - livemint.com,livemint.com,https://news.google.com/rss/articles/CBMi-AFBVV95cUxNM2FkMEQtSWFOc2Eza2ZzRlhaMDM2M0lxQUxxMUpXZ3FpYVpuWDhTa19IYldQYUd0Wm1uWlZrX09LYUtJdElwbHR2UW50VFR6ZFJzdmgyUEVMenk4VWxWZG1MbFJhemxIbjRiNmVnNTNCRnNPVlFoSjFuWl94d2xhRm5TWHZqLXM2UDRBeERGUzM0Z3pQMGl0SUUzclNHRGo1VDNrVDlIcDA5LTZxenhvWHR0V21UWjBtY1NRZzl5TFA3UG9Pam1qdVZQWTQ2UTg0YU1kX1BhV2FlWjV2aDl1c21rd2cxZHVxdE4tRTFneXpJZWJnam9KRtIB_gFBVV95cUxQbkFwcTZSUU1OWHJVeVRnNXdIYTRjdXNfc0hBOGw4ZHJIeEQzN0lEbVI0dVBCbWlSa242R2ItYTJieWFyMzlEdzdZdUdSb015LWc5V00xU1l1a3gtQjA3cXhOWDQyY3o0OVRBTDBXQlVQY2stSkZvd3J2Rk1uY1podjZhNUtiZFNqMTZaQndFZWg1Q0Nvb1pYRlJwTDVxdklybWVTRmZtbEYtY2NtMEFReWdfQ2N1UzR5bkxVSmY2Mk15aThBZ2FxdDBfVktzVkx1MDBwdTFNeElXZG5qbk1pRF9mM0E3QWtwcHhhc2ZZeC1ZZHZ1TThnUW1NeVhwUQ?oc=5,,,No valid content / Page blocked,2026-03-01 17:13:26.542392
360ONE.NS,2023-10-19 07:00:00,"Gopal Snacks taps 360 One Asset, others for pre-IPO funds - livemint.com",livemint.com,https://news.google.com/rss/articles/CBMitwFBVV95cUxOT3RocVJENzMxdUYzOGFFQVY1UEhleXFpTDh6WTNBaXZ1LUVDT0FWamJnUDJ3aWZEQzUxb1ZMdDVwYUNZUkV3VnBzenlvcml2akFROE1yWnlTd21tbnJZc0Z3bFBUWE1jVHVfT1hhN1hJazVLTjRNb2xpMGk5b01VVFRLUTNIWEE4bEtkd3p2MC10Zkp4RGJTZ1U0MmFOUmJ4TGhTNnZINVY5NjBrX0tmNmFYSk1YOTDSAbwBQVVfeXFMT3V3akRNbXM5V2FoZW5nM3ZnR1E1SnFKMEpmeGpnN0F2NHJsbDBvTEJ0QUwxMVZISTNtNUg4ZWRYRFZYbjJKNFp1SldaQkZkQTFhRGQyWGdaVEh3akI1LWVBVXAwX195ZzNfeTBES3JnVTR4Um9RV3BzYm5YQnVMRTBDMkhzQ21IU0oxeFVBcVMtdWhDcFhkTzR6dS1GYTVMeUlXNzBPY1NWbXBOcFljSlhaSnlHM202NXpLU0I?oc=5,,,No valid content / Page blocked,2026-03-01 17:13:35.775938
360ONE.NS,2023-08-20 07:00:00,360 One to set up sector-focused private equity funds - livemint.com,livemint.com,https://news.google.com/rss/articles/CBMitgFBVV95cUxPUUtHZUdzWVhyTlZYWGdvMHdoVm1UaGpNcFB2WEc5Z3gxQzg2Mi14b3E3X2JrRE45ckdHaml6VnFsd0c2RmVHUFBkdlFwVTBlN2pSTnhxNDVuSWJteWVXRUhlVHNJM1BqeTFoM2FhaWR1SkNUdkt3VGtHaXdZNVdpRnlQZXo4d0JsY2xaNTc4UnY3NHJDaGZMSHpFbjV0TmVYUS1rSFF4NG15QU1QenFlVlRPSjhSUdIBuwFBVV95cUxNN1I1ZEhPdDBzeWJoblpOdlZrRjVDZmN5WDJUMjFNejdXbjAzQmxUai1iSWxpTnY3dVJldWhqUFV3ZElrcFI3dkRyNmtoTDFPREp2am5Tc3BTZzl2U1g1ZHY5QVRZR21RTlYyTFZ3eTM1VW5YV0xUXzZGZ3U3SEM2N1pGQ1FDcm9mSWthUzVYRXR5S1JjXzk1UE0tQ1djN2NDZjVqaURnNWNjanV6ejhBWUpGNWhNWWFoanFR?oc=5,,,No valid content / Page blocked,2026-03-01 17:13:45.481144
360ONE.NS,2023-07-21 07:00:00,Corporate earnings may grow at 15-17% CAGR in medium term; market fundamentals reasonable: Mayur Patel of 360 ONE Asset - livemint.com,livemint.com,https://news.google.com/rss/articles/CBMilAJBVV95cUxNX1pweVdxeS1vNFJVWHpNTWxaTlVnMVU4ZHZtOGxvWWxHUG10UU1SY2pmMnFPaV9oaGY4RWFqeklpTjFKN3ZJblJvZ1lpYk93bVIySEVrYWFnTjNRYTR6SjU4NVJDdEJfdEx3Zk1FS20xeWl1ZjFDZHZCVUVrZlhsTWFRcjhUaFpBWWpTTWhndUY3b1hwUTVrMFM3MlM4ZVBpdmozeVMzUjlYX0JMNGFMN01fc0lDemVqaTVWNjhwZmhhWHpaclg5c2ZxM1ZKbHNtRi1ZY01lQ1hZamwwNG9jYlNHWVpmQ3R2QjFKQ0kyZlVvc1F0NlRHSlpScXVDSUlHcGhhWndSOHBreE1LMk5Seklia03SAZoCQVVfeXFMTXdsaW5kdklDaWk0NUdjdktaQlVVRURwc1BMbXFzdWtwLWpIZUEyekdhMklrTUQxcVBLdDBaY1VENk1RTjlUSVQ0OFFhYkZOLUptV00zZVRGQW1vOUNJWnYwVkR0R0xNWnc5QjdqOFdsZnV6bEcxam51S1RCcFQ3cXZYTFhBaGNhbDJDYlFOWVZOeHpUdWVtZHlTZGMycGpTR3NLd1ZvUTM0TlJHd1hIMGI3ZEJiTlJjTG95OG5CRE5OMXY5d19NQmRiUmVsWlpDb203OGNpNW95cERjcWl2MEt2U1k1STVkSTdJSzJaeDZfYUo1cUNKUzQ1X1EtWVM1ZEtrN3ZMd2FCR01qbzR5b1NhVV9lZGRGUUtB?oc=5,,,No valid content / Page blocked,2026-03-01 17:13:54.798121
360ONE.NS,2023-07-13 07:00:00,360 ONE Asset appoints Aarthi Ramakrishnan as head – strategy - financialexpress.com,financialexpress.com,https://news.google.com/rss/articles/CBMivgFBVV95cUxOUjhOT2I0bzFBNGpSNGlYU3M0VGc3TWp6QVFRREtDSGVKMGZPWGhGUER5VlRHd2RkVlpyZEpNOWxzak9TeUhIVjEySG5vNlZtYVBnbTlmeF9YaXpvb3lIM2J6V1ltdEFhZTJ3bnoyUHVCNWFxcGVmSWlSbTJnd25URFAydGt1bzdHOXJKQVEzNmdjNTBueG5QbDdtejhJZEV3LVJzdWIwSVFOeloyRE8zbWZkN1l5VVh6WndBY1hn0gHEAUFVX3lxTE9IaW1sNUF6ZVpXX3dheWVRSGNHZEdSbnpzMTEtWDZDQlNaTV9yekdvWXZGSkxWVW1qSmxvejlSNzMzZ1c2LW9WbDRPR1hyOFhlMjZRTnFmT1FEUFNNR29LY0FFdkNSX3Z3LV9YX3dTZ3R2MFNBY243V2pvV3dGVDBLSUhpc2xERmRZS0Z2YmtJNUZFSXBaT0pHSzNnVWZQWHI1R1hfNW5WRHlPTnZiM1hyNUhSNmF1NlJoR0xZX2gwQ3hGZmM?oc=5,,,No valid content / Page blocked,2026-03-01 17:14:04.892764
360ONE.NS,2023-06-15 07:00:00,"IdeaForge Technology completes pre-IPO round at ₹2,500 crore valuation; check details - livemint.com",livemint.com,https://news.google.com/rss/articles/CBMi2gFBVV95cUxONG5KSEVSVTh6T2sxOXpYUmpnOUZKY2FrZnlvOUdheFNXTzNrczBVOXI2WXlKSlZ3c1VOQ09SUlp0ZXNVcF8wMDRjOUk2cnpmc2NDNU1KN0daOVdqRnVTZ0hoM1BJaWRtNmpqV0pVdjV5eWhSWlpoeTdaQmYtR0tpS09ONW03TkM1VmVacHVHWjY3QzdfUzhxclJXVjVJUVd5UEtRYV81bDlUVmctZXlfd28tLW52c1Y0V0xmcVhkb0JlRTJLazZZSThLSkliNWJjSkt4WEtXRFRZQdIB3wFBVV95cUxOUk5mNE1iYVlDUDhodmNFZXVqZXpGaS0xQ3ZrS1FZcUk3VjJkUFZpRHR0T3ZnaUVBbmtwdHdmcHVlSUtvTDBIcG9yWXBzUDVFSmtCbTd5MEQyc0x6YVBWXzJHMm1zOUE0UUdQTHNXZVVSSERPLUxaWGxmV0E1VEpidThSYzRTQkpMUlFOdVRZS0ZlMnBkRWVOQ2pZVzdaNkY4Q2MxOGNuRklzel9zenJyZVpLVF9CYkp0bVR2SGkxQ0JFVzV3RWpzY3NrN2RBeUxES2RIUzVOWGVGOVNFN3NZ?oc=5,,,No valid content / Page blocked,2026-03-01 17:14:15.509781
360ONE.NS,2023-05-05 07:00:00,"360 One Wam reports 14% PAT growth in FY23, Board declares first interim dividend for FY24 - livemint.com",livemint.com,https://news.google.com/rss/articles/CBMi7wFBVV95cUxNMWdub195VHN2Vms3aHgxTVBGY09TT0tqQ0lTZm0zbUJCY1pmVUtzZ0Jnb1A1eE04QXBsNVY4MjZ5cFFVTlJzSFFSbFZMdmRHREtzMmFiVk5wcW1RajZ3MENoMDdrZGt3T1psdEFRVklfTFFwZlVFLXQ2RnpfbTNGZzdBNUNybzJnZGxncWNvMThjZXpab1FVX0pPQlFPN1Bpa0xlVG05T0tObmJTZU5PVE1yVnJjZ2FYYU5wdFhHcV9GTDF1UjIyN0Qwenk1VWhoUlEzSWtDZWxTOHZlTDVaNEpDaTQ5V3BaejhhUmNJWdIB9AFBVV95cUxOS2pQR0FORC1ma05GcWY2MFcyeTBkYTlYNnNLM2tLTER5T1RQbEZjYXJXeUpKcnhwM19ZSjBMSVBRTEpoTURGdGdibkdoOVdTdG54b21EWjd2dnhPcm9mN0VPTVV0NUFfNXhxSE9GbUNiMGw5N0xTUnh1VjBWc2hOakRuckNUd2R4TXVaYWtYSVBVdEd5UmdBMW5RRndQV0xFOGwybTNRZ1lYOXY3dzBOd0ZxdFVPTTkxRHZ6NlUyMUxWYUN3TnJJMEF4Sll5ODNRUE43R1ZYNUM5eHhITC14QWp4ampuYnBiWmxDSDBsOHpfZU1h?oc=5,,,No valid content / Page blocked,2026-03-01 17:14:26.913061
360ONE.NS,2023-01-20 08:00:00,"IIFL Wealth declares ₹17 per share dividend, 1:1 bonus shares and stock split - livemint.com",livemint.com,https://news.google.com/rss/articles/CBMi4gFBVV95cUxNTTJsS3ZyQVJiOXhPMmJnUFItZ0o3cV9fUk56d3g4VUdwamg1RlpLYU1uMUd4Z3VSa1NCTFpMM2EzZ3o2dGZLNHRjczFfeWhKRGFJUktFQ3d6ZFdtUDg0ZlRrVUtUay1admlvVGQ5Um5nc1lxWF9mYnluR0RPRnRPNG1QZUdRWmVrY01KLXJwZFVzX0Jrbm1lT2x0SFk2YmdmbHBDWnJDYWQ4c1pkeWNha0ZKNlNqVU9pZFVELU03Vm9fWkM3SmxzV0tOVi11THJjenpFSDQwendBU0hNd1NqQ0pR0gHnAUFVX3lxTE9WUDRwOG9EaEcwVGdFZVBUMXRHZFRLcnA5eGJMUDlyYk95ckZnOXhDRU5IWW95Q082a1pwSHhpWHh4cjBwLXNtT2R3WTNRaDBSOGhDa2EyN1VDNktqTUJ6TDlrc21VX2MxZ05BMHkyZlBkcUlGMy10RVBQcDVSamRDaDQ0NXVrazZLRjFvbTZQZHZpODR0NmJjS1A3SkYyNUJDeDNmWEY5Y2JfZDg4WnBtbmFjd0F2T05OZ1l2Y0ROazEtazhPckIwT0pYQTZZZXN6dzltRUY5NWJveXdxWEtETGJZQmxuUQ?oc=5,,,No valid content / Page blocked,2026-03-01 17:14:37.423284
360ONE.NS,2022-11-15 08:00:00,IIFL Wealth is now 360 ONE - livemint.com,livemint.com,https://news.google.com/rss/articles/CBMijwFBVV95cUxOQjVMa09GRnVfTnV4LXhIQ3NRZW1FbXF3a1c4Y3NrdU5WTUZvZnFpaFROdl9VcmwtSDRSRHVicXFlLTExNFAzc25PVEdwSXVYTVZkNjZQa1pXcGx2Y3lQekt6dXE4c1hVTVJqX2MxMEJZdTNfRjl5RWM2bnpNdWVKUW9mWWtFTzlUUnhNTE5RVdIBlAFBVV95cUxNcmdEOUM3U1JhQklKQngyVFhhWkExeEN6M2ZWT3ZJSU81NzYzd0lPcTNuVHVUWldPUEF1SEN0bFk1OHA3SG8tZ1ctaXZOQkdzR1J3dkM0Nnl5RXhjcXZ5WWVwdkFDM2F1OFB5czJUZEZuSXllbGF3a1N5VEZraGtJSm1XSkNBcEFocmRYS0Nyd2E5aVJj?oc=5,,,No valid content / Page blocked,2026-03-01 17:16:22.822577
360ONE.NS,2022-03-31 07:00:00,"Bain Capital to acquire 25% in IIFL Wealth; General Atlantic, Fairfax part exit - livemint.com",livemint.com,https://news.google.com/rss/articles/CBMi0gFBVV95cUxOTnV6ZVl3X1lta1NoNmNUSTFqaUdIZ3lOYWZQZ24wc2tOTy1hRjExRURwZGFicEY2M0tQUlBmNVJmRW9IVkVERVFuX1pyMzVIR1c3TThDQzFWSHJUVUFPSm5BMDVQNE5UdkhySU93XzViQ1l0SlltX1BtUE9OMEo3MGdVbTNLYjRqOXVHOGEtNTNHQmVKSmV0MDc2WXdaYjNPU2tMallqelZObzM3djdadmpvYnBSUVNLd0xDWHdPUVQ0b0ZSOU5MSTVTRWtNSkhBUlHSAdcBQVVfeXFMTzBXN09zaV9TeFM2NGNfQndndDEyRXF0NjBTbHdIR29vcjB4WlhTdE5oWDJiWU5LQnNqczNkaEJXcG9fLU0wMDFGbi0tdGVCMmlZU0RSLU1LXzl1cmRoLWxGMkRXSFRkZGFJZXVnUXpnanN1RmtYbVVxUmd5Uy0tNUw0dHVjcjFWa3d3V3RTOWtKc1VkclBwbk56ekxtMnJLTThUQjJNbGNjUzVoYlVsUnU1c01jUG9YMExGakFZanV2ZHFWNGV6QkdxdmQ2bTN6QmhOQTBYM00?oc=5,Google News,,No valid content / Page blocked,2026-03-01 17:16:29.920795
20MICRONS.NS,2022-06-30 07:00:00,"Taiwan Stock Benchmark Falls 20% From Peak, Set for Bear Market - Bloomberg.com",Bloomberg.com,https://news.google.com/rss/articles/CBMirgFBVV95cUxORGlFSldmM040S3dRMXpkMGZ6MERGeTZyZ0IxYklVZ2VzcVJBV25RLTlCaDQ1Q1Zod3FDRUFYOXFuNnpzeFZrbVIyUmJTa29HN1RaT2N3bXRJNU5aZm12NG1JQjg5NWFKSWRfcG5ydWxGYmU4dTc5VFoyTndGZExmLXlibXlWamx4U3NLYThjcjZPaEJXRVg5UWlVejlwcFEzY0dxS1NlNHpabmY5WlE?oc=5,,,No valid content / Page blocked,2026-03-01 17:24:17.262328
20MICRONS.NS,2023-04-10 07:00:00,Samsung’s Cut in Chip Production Is Good News for Industry - Bloomberg.com,Bloomberg.com,https://news.google.com/rss/articles/CBMirwFBVV95cUxNcXlVUmI3MXFzLXJtQ0JYYmE0UDRMX3pUNktBR1dHWTIxLUUzUk5kNjdOME92emFPSGt1eEJYTTZDX2tWWjM0M2VxUWtkUU54dm9BS3BwWjljTEdDQm5UdmVrOVlMZ1R0NWV0X2tIVW81NGVpOWpqX3JleWVxRUZ2ekdlbm5fMUVvUUJVNG95NHItU1k0UzBVSFJuTmg0OWtTZ2pGNThrNnMxYTYzRzVv?oc=5,,,No valid content / Page blocked,2026-03-01 17:24:26.148622
20MICRONS.NS,2023-12-21 08:00:00,Micron (MU) Gives Strong Forecast in Sign That Demand Is Rebounding - Bloomberg.com,Bloomberg.com,https://news.google.com/rss/articles/CBMiswFBVV95cUxObTJWN1JTOEJaSzdJQUZ1SE1wTnBWNE1fVTVPNE1rcVNZX0dFMzdBdWdjOEtzd0pWQUNEVjlxcHBvMkY4RW5uMWNhVkhtQW9DY2xyZEdwN2xYUmZVa0RaeTI5bEp5aTZrYzdrOTZSbjVyekpjMVkxT1ZTSDlJbDJmOVc4NGt6bHkwa2ExdDlMOGdpd2pJb25TQ0Eyc200Y3ZsTi1JTGtzREQweHZLcXRWUUdpRQ?oc=5,,,No valid content / Page blocked,2026-03-01 17:24:35.895131
20MICRONS.NS,2024-09-26 07:00:00,Micron Gains Most in 13 Years as AI Demand Bolsters Forecast - Bloomberg.com,Bloomberg.com,https://news.google.com/rss/articles/CBMiswFBVV95cUxQMnRpYnYzVTBZYW44VUtTSlV2NTk2Y205dXZVUnA5N2FBMlI3OFFsM0JXOXl2VmtGaVljcDE1bGZPVTBiYllrTmFIOFZEbzBEcXFYcF9LZV9aMjMzamNBdjAyTTA2RFczWnNBdDdrVDUyU2gtVm9vYkkxTjR1QmFWc0tOY3UxNDhkSnljMDVJN04td2U1SnJEWmdDX0ViRGhEcEhwTzV5WWlwWWgtNVM5S1FGdw?oc=5,,,No valid content / Page blocked,2026-03-01 17:24:47.385863
20MICRONS.NS,2025-06-25 07:00:00,Stock Valuations Are Even Making Some Bulls Uneasy - Bloomberg.com,Bloomberg.com,https://news.google.com/rss/articles/CBMipwFBVV95cUxQMW5Wd29IXzBzNzlzZEpuTmgwQkVwNDR0aWlib01YTi11NkI5cVMweFdWN0pFR3l6MjRjUTVFWVhCRkVVZ2FsX2lqMkVPRVBnOFFhaUphdEJ2aEpEX0RLNUVSYktOSnZSUXJmR3RKMjFvNC1qeElNWjBVM1NKN2I5MzFWNnZldlA1Y05zNXhsWVdzOGRfRk5SZko5d2lHVGw4eUhUQXRfaw?oc=5,,,No valid content / Page blocked,2026-03-01 17:24:56.388128
20MICRONS.NS,2026-01-27 08:00:00,"20 Microns Standalone December 2025 Net Sales at Rs 186.68 crore, up 0.38% Y-o-Y - Moneycontrol.com",Moneycontrol.com,https://news.google.com/rss/articles/CBMi3AFBVV95cUxPNWV4Ml9MY01UdDV6UFNKYjV5ZldfTk1TdV9fSHo0MmRqQ1R2U09kMGVKSi1HNzBTMFRvVjJUOEFteGxlaTZ0TDhxUFZRWFp3WFpfcW4zY3NVVTdIUkphTEM2UUxmSVp0dndwRElzZlV2VFlGV3B3cGtzc3g5eXY3YWt6RjBEbXdYUjlYN2ZZX3huZ0JPcndPdFlwRkh6eG85a1FRRW5hbVhDRU96YnVIWXZQYm1pRlRpS1JueDY5WHlqa1pISFQ1a1h2dlBvOUhwOFh1UmRraVhNaTUy0gHiAUFVX3lxTE9lVUJ0Zm5qNzNmak16OGlkc1RUUkw0WXlHa3lLNkZUU3pBQlZuRkxYcnAwaWkwaXVLWTVuRE1LYS1zN016SmM5d0N5ZGcxLVkyZWlFdURLeWFCRm4xc2ZBeWJGU0VzRnBBR2UtWEN6Y0NwM3NUUXl1TllNZGhCWUdCWXZORUpxT3N1UEUwcVVPWTAtQS1HRXdfSTRKNVV6ZkxaV0dsQ3V1ZmZpb280cmFpazJNZ3ZVNk42RnRhMFlMYzY2dHE5LWFwTzgzTE9mWC1rc29wcXFXOUd2Q3NOdTUyVUE?oc=5,,,No valid content / Page blocked,2026-03-01 17:25:05.913914
21STCENMGM.NS,2021-03-19 07:00:00,"Global urban subway development, construction material stocks, and embodied carbon emissions - Nature",Nature,https://news.google.com/rss/articles/CBMiX0FVX3lxTE9lelVPNV92OExUaFh2QjNXeXF6U1NQdVlnbDI0Ri1RZGlnZ1pQTHpVb3BsQ25fRW1aUjJpWk9rbDhSZlR5SmpnOHRGNGZhMXJlRUZZZDJuVmV3dVhjU3M0?oc=5,,,No valid content / Page blocked,2026-03-01 17:25:12.492562
21STCENMGM.NS,2021-04-07 07:00:00,"Eastern Bankshares, Inc. and Century Bancorp, Inc. Enter Into Definitive Agreement To Merge - Business Wire",Business Wire,https://news.google.com/rss/articles/CBMi3wFBVV95cUxQSEVTMWRSM1JIS0tnOHNaY3p4cVVPdUFCMHNBWkREUlZIbi1kUXUzNWdST3ZscXRPWjJLVC1WUGJCc2F3b2R3NEhKU3FsOVdYNTZNNlpWXzVCeUJPSGthQVFhMWF5M2o5RmpmQlJoRG9iS1gtUjBUenBpam9meExLbzJ5VlhaYkFKVHc2aUJfZWdqNUd4Q3ZrTkJoMDJ6Z3FsRk4tVXRCUEtreksyVEFFZXhuTlhIbGpPemhQeWJQcjI1UEsxUmlBOTFQRWdmcjFod3VEbnhFeFgzVzlQOUcw?oc=5,,,No valid content / Page blocked,2026-03-01 17:25:24.070005
21STCENMGM.NS,2021-06-15 07:00:00,Succumbing to hype? An emotional history of investing - Schroders,Schroders,https://news.google.com/rss/articles/CBMitgFBVV95cUxPTGJNVm5OQ3VuUmJONW1MbFNMQWxxaDFZX1ZuTGNzcGtCWVRiM3NDQ0FDaXhEeFU4dEo0VWdQQ3hvQ1NBMHhqNXBFMzI3ZFlrUzZkMjhzS0ktMWpHTTN0NFFNemJCQ0FGV0phbGZ2eC1iekp3ajc0bmwzclYyMzhqMDdzWXhIa2RnLVRJT1RpV0l0cV9lWnhxSzRvb2hXUjQzQTRNc2tsZ041MzI3Zmpsck5fbjMtQQ?oc=5,,,No valid content / Page blocked,2026-03-01 17:25:32.239279
21STCENMGM.NS,2021-10-27 07:00:00,Two charts that show why you should ignore China’s index - Schroders,Schroders,https://news.google.com/rss/articles/CBMisgFBVV95cUxNSkpKY1hMbE9XdDBmV0pIenJYYkluaFlFNG5HcW9XbGdLTWxXU3V1VzR5MmxtajNoX051TENyVS1TbXFJemJfTF8wSHBkdVhCZVhPVnZuMWdNbGlOdE1DQm9ieHlXSmR2SEdSb01YUlpyU0tkNUhLY3lpb2VZY3BxZHVwWGstSTN1LWc5c00zMC1paWloSElhdmlNVmZiSUY4Wi15UHVwTDJNZWVBZWp5ak9R?oc=5,,,No valid content / Page blocked,2026-03-01 17:25:41.767966
21STCENMGM.NS,2021-10-18 07:00:00,Stock market crashes: what are they and is another one coming? - FOREX.com,FOREX.com,https://news.google.com/rss/articles/CBMifEFVX3lxTE1VYXEtMmNzckhLaWFKR3h2Ti10Tjg2VG1ySWZWcTJwUVhkQXdpRFNZNlh4TEdQLThESW9ucWFUMUJOaGFYU0pVbjZ3TlQ2cUFKeWlJSUVYY25UOHczeFZsbTFIQXlIQVdOek5zMkpiQ1VTbW5fWEUzVWEtdHjSAYgBQVVfeXFMUE1KOGxlUHdRamJ2YncyZ3phcTBmWHdxbVlBU2NyYkhkeUhrRmVGbE5nLVdyb2kyNTFTakcyNnJ0Y1ZLT0dHanNvdFlqblo1SDRySXh2RVdOZTY5amJYU2Z0T1h1M3k5VUViNjJWVEdERWRUMXpUQ2IwWE9fd3Ywdm1XVzhPTENJNw?oc=5,,,No valid content / Page blocked,2026-03-01 17:25:48.943408
21STCENMGM.NS,2021-12-13 08:00:00,Ultrasound rises to the challenges of 21st century imaging - Philips,Philips,https://news.google.com/rss/articles/CBMi4wFBVV95cUxNU0xpRjNOYkRBaTQzajJTUjJOak9hdTlTc2RZVjRiLWlMTDh1TWp2bm8wZ05OQmRHaWt4Z0xXanRvUTBnVk9rYndrZUtnd3duUlNJT1lRVjhUcHlhc2lTeFpPZDJkZWoteGpsUmdKNHhYbGZ3RzZBSkZHS0dDeHRGVGtwbVdSeUpYbkZnU3MwclRrWVhubDZyNkRBTjVyeVVFME9hRmZKWm51UU1yUmNGTGQ3dENqRVlyN0hrSmRKeUZNNFMycnF3NFA3YVROQjczY0JPZnlEa1FZSDhaTjAxTFpfNA?oc=5,,,No valid content / Page blocked,2026-03-01 17:25:57.506699
21STCENMGM.NS,2022-01-13 08:00:00,"Braithwaite & Co aims at Rs 2,500 crore revenue, IPO by FY26 - Business Standard",Business Standard,https://news.google.com/rss/articles/CBMiyAFBVV95cUxQUWkwQnpmV0RDUWJOa19tRUJhZ3F2VEQ1Qy1lSTA1UW50YXJ3UXJ2SXJDOVpvczFsNFFCWG4wd3JILVN1VFpIanREY0VlcnF0YmUySVpXQTl1LUJEZlRCaEdacDl2THpvOVZwOW5kc0xOeUtIXzVLd0NyT08wOVJ3ZkZLQl81cmVNQlR2SC1Pel80SGk5ZWR0LWVHSkRNZmY5YTgxNG9nSEFZemlKRDdLcld3NGVHVWdUOHRCQmpUTkt5QnZaMEtuWtIBzgFBVV95cUxNVnpaTWQyTkFoUFZUeHUxQU5QemFmWEI0QXBTUkpuZzF1aTNDWkRmc2ozUGYzb0ZMQU51NlljZF9jYmc4ZFJ1RFhvcXI4cU41MGZMMWdOT2IxOV9fRDUwX3pCeFUydjZVZktVTm5ZZE42bHpPenFMYTFKQkVpSmZDZmpyaHphRVNsRWpKZm9MbXU1QzlwMU5vWHNHRVA2UjB5RVN4OU5ESDd6bktDX0dQa2hobm5GeGVMZWp1LWl5YUdpV29WTUNwdXpUeFRxUQ?oc=5,,,No valid content / Page blocked,2026-03-01 17:26:07.882533
21STCENMGM.NS,2022-03-04 08:00:00,LIQUIDATION NOTICES: Creditors Voluntary Winding-Up – February 2022 - Credit Connect,Credit Connect,https://news.google.com/rss/articles/CBMipgFBVV95cUxOQ0REbkozRVR0VUpOamdnWmpxU09TUTVkVGlrcXZ1U1IwZVVhQmZ1WEpaWVV1WXgwV185UXdMRXZJUWxCcVpJdkx1WUIyLThid2Q1WGVxTmhBdmZQdDY4ejhnZzF1aVV4Q1R4NVRZNE5feTZSZFpWc2JQQmszeV9YaFNGcURZeHBTU3Job3Jpc2JSY2hjSWtETllfZTNFcE1uSmMweDFR?oc=5,,,No valid content / Page blocked,2026-03-01 17:26:15.420209
21STCENMGM.NS,2022-04-18 07:00:00,"Value Line® Funds CEO, Mitchell Appel On Value Line’s Ranking System and History - KraneShares",KraneShares,https://news.google.com/rss/articles/CBMipAFBVV95cUxNQ2pQOTBqbUlrV3FSSU9wNzNDUXhoN3pHRVFCZUhlOEExUEZzYy1NaVpNTHRYekJjbWVqOUJZTndiSGRrSzI0cGIycnJwY01INVppZlFSXzFjNkI1bHQxZGFFVkxOdHZoejZoRzctQk1UTlR3bWdzVnltb1RGLWs0TVhGeUVQd1ZraUMwemE2bmF5ZDlMMURVY0dfVjM4UjQ1dnAxRg?oc=5,,,No valid content / Page blocked,2026-03-01 17:26:26.963915
21STCENMGM.NS,2022-04-20 07:00:00,Anglia pioneers 21st Century Operations - Modern Railways,Modern Railways,https://news.google.com/rss/articles/CBMihAFBVV95cUxNNk1QTnl6X3FWSXdzNWQ0bjhiTTdLX3plbndhcGNJVVF4d2hRY3JLWGZZV3FRVEdvQnJpX2huWW1hRFRLclFBN0dZaHNUaHduV0IyaENRU2xtZHl6bzdJWllCNHJxckp4ZWVSRmtQTENTaUZlV2M0X2JCX3QxSHZIeHQtTlo?oc=5,,,No valid content / Page blocked,2026-03-01 17:26:37.648797
360ONE.NS,2025-12-27 21:11:42,Order Flow Trends Show Accumulation in 360 One Wam Limited - Volume Analysis Techniques & Build a Dividend-Powered Portfolio - bollywoodhelpline.com,bollywoodhelpline.com,https://news.google.com/rss/articles/CBMiowFBVV95cUxPTzh2a2FEVUdvV1FyT3N2U1ltVklPb0QxTHhRYUJ6Vlh6aTVDY1JadHJCaWFHc0RoanViX1duTUdRRVliNllQdzBDMmduS3FHWVZ2Y3ZNOThoX1l1eC1DRzhJWlpSZmcxLXIzSExMUUhDWDBhazBIUWtQSW5JMHhOdWx6ZlFOTjZ1RFNTZDJzRGNfcjRDTlNUQWszcG9xcFNEMkQw?oc=5,,,No valid content / Page blocked,2026-03-01 17:26:46.984521
360ONE.NS,2025-12-27 20:56:35,Universal Starch (524408) Stock Experiences Sudden Dip - Utilities Sector Analysis & Free Robust Financial Gains - bollywoodhelpline.com,bollywoodhelpline.com,https://news.google.com/rss/articles/CBMikwFBVV95cUxOSGhZNUlNbzNUQUoybldoN2c1Q21sUU1SN2sxVm81Z2Y3c2pwWFJ6RlVLdlh0WmMtZlhhZ3Zvbjh5ZjVrSG1neVd0T1AwTUVuN3kwR0hZdHpzNHRwQm93QW9rVXprUG9qOS1WQ3Y2eHpudDZ2ZkdkbUNJWGVHYzJJa0dKanVBNTNHUnJvUTd3NzZUbXM?oc=5,,,No valid content / Page blocked,2026-03-01 17:26:57.932123
360ONE.NS,2025-12-27 17:45:23,Can 360 One Wam Limited (542772) Maintain Its Valuation - Ex-Dividend Date Alerts & Free Dynamic Capital Growth - bollywoodhelpline.com,bollywoodhelpline.com,https://news.google.com/rss/articles/CBMiqAFBVV95cUxPSzBRQktWZnlHUG5vRkI1akJSdnJyaW1GcktRSE1RX1NYVlNacW43LVFqUlFWNTlBTElHb1JEYm9HeTlqWFc4OHZiaGZMZEg3djludzJCbTk1YUMzaThoSllHa2NlMlZod0hmS3ZKM1I2a0xRN2xteV8wNGpsdkdxNWREOWl6QVctSHhpa0RLbzVqSldaRFl1OFV4Zk1OakpIMVI2VlIzOGM?oc=5,,,No valid content / Page blocked,2026-03-01 17:27:06.833914
360ONE.NS,2025-12-27 14:14:41,Bollinger Bands Show Potential Breakout in 360 One Wam Limited - Swing Trading Watchlist & Daily Tips From Top Market Analysts - bollywoodhelpline.com,bollywoodhelpline.com,https://news.google.com/rss/articles/CBMiqAFBVV95cUxOcURENUtiaGY0N3RlOUxSZXJDRWczdFJjS3lhQjhCWW1URnBkLXI0SjdheUJIbmJRaFpaODBEajFkNEtFVnN1VFhJR1kzTUdlWXJVUkgxWGpDMjM5Ylh5NWUxSk1aUGw1dDFPZ0p2anhtYXlSUkw1WXR0ZTRuSXBvMUhFWl9aTFdtTzFYQ0duZk5hYzJzS1NBdnM0MndhMXJHd3ZuTVdLcHE?oc=5,,,No valid content / Page blocked,2026-03-01 17:27:13.272156
360ONE.NS,2025-12-26 15:28:26,360 One Wam Limited (360ONE) Quarterly Results Are Out - Price Action Analysis & What the Pros Are Saying About This Stock - bollywoodhelpline.com,bollywoodhelpline.com,https://news.google.com/rss/articles/CBMikwFBVV95cUxPYmFMMjF0UmJYZEhfUW9XRXNTRl9zc09KX1BYOTY1aEZzT2ExMmhuQkhuc1RaSTFXb3RyazlRV2pYYTF4WE5XLVhRZ3hSQmlBLXNJc3BjNk84aEpETGp5bHBOM1pWUU9TMkE5RDMwaG5ZTUN5cXFJSmsxTWVLdVNpeEcxa2llX0NuemgwZHZCblJXVkk?oc=5,,,No valid content / Page blocked,2026-03-01 17:27:24.352481
360ONE.NS,2025-12-26 03:02:33,360 ONE WAM Shows Bullish Momentum Amid Mixed Technical Signals - Markets Mojo,Markets Mojo,https://news.google.com/rss/articles/CBMi3AFBVV95cUxOWGRrVzJkRXZLdTFrSVMyN3lzaGJPaGlTZVVqb19qX2hTWllyaXo2bThIVWwwcjh2ZU1YY3hmSDc0cmp2aXlSNkhXNm5ZSFI3R18yMi1JRmlBMVhIdEplSERsX2NmaGlBR0t4aTAtZllRMEZmV3RVc0x6Q2d2YUtCUWRGbGFQeHozY1BxaG41Uzdxd1QxMk9OTWVtSFVZX282TloxdXA1bncxUVpzQnVQQzdiam9rWFdpYlBDaGNldXNZanNfenJuVjM1bkNsSFpreDdUUGVucEF5SDdB?oc=5,,,No valid content / Page blocked,2026-03-01 17:27:32.365987
360ONE.NS,2025-12-25 02:57:41,360 ONE WAM Sees Shift in Market Assessment Amid Technical and Financial Developments - Markets Mojo,Markets Mojo,https://news.google.com/rss/articles/CBMi0AFBVV95cUxQZ3FESGs1VHZOaWdGVlhYOUtLNlhQSjhIaEdGVUJ0MmNOQlU0TS1yaXVUNm0tQ0VzNDgyc29JRzJpdFlydERWYzFsODlLN3hOSkYtQ2FPdGQ0RGRRal83WGc4TWE4U2NVTFF1OG1aYVNJVURGbEZFdHRzMlo4TFJzYkhVNlVIQlY3eXZKUmhkRmRCTzY1a3M5OXpDLWcyR2FCaUV2THN4Ti1ZSTEtSzFpSnJ4SWdFQzZvbERKOTdSSHhuTU9yNTlVM25wT2FzUzA5?oc=5,,,No valid content / Page blocked,2026-03-01 17:27:43.157746
360ONE.NS,2025-12-24 14:32:55,360 One Wam - Ambuja Cements among 5 F&O stocks that saw a high increase in futures open interest - The Economic Times,The Economic Times,https://news.google.com/rss/articles/CBMi-gFBVV95cUxOR05MWUg5UDFVU3JoUThRcW1FZF9pZE1uRE9OX2tJUjdWNmM5M1NTazZHbU8taml6dm5ocnJGZUdZaW1IZEJmY0ZqSVlWSkkzX2FvZ0JwV09qYURCU1N4cF9Hb2EzQlNoS1AyU29MR0F3WTlDRk94YnMwQkxKYmlTT2dRb1NWSzY5ejFfRzhWbDFhLWlDdnRpdXB6ZzNiV21UdHBkTWxZcFVxOGNmT29mVHpWdGl4Yjl0SmlONlJGbE5Rb3RuTWpJNXVKM0d1M3pUNUFqZ1Z2enV5Tk9pa09aUWk4RmdWX01Ub3BhMjREanVxaW45N0MxWVpn?oc=5,,,No valid content / Page blocked,2026-03-01 17:27:51.429594
360ONE.NS,2025-12-24 13:23:45,360 ONE WAM Sets Up New Subsidiary in GIFT City - scanx.trade,scanx.trade,https://news.google.com/rss/articles/CBMiugFBVV95cUxQLTdydWpqaXBIWWZpZXFfbU1ZTW9IeEN0ZF8xTGNzbVdscWtaRE1nbGdzNWZxb3VhQ1ZIOVlBcjhyN0JjXzIyWjF2eXY1eVYtZ1RDVm1oTFNJUzJMb3pYQUR1aUNyRUlYbVgyZ0t6M2dFQU1GMmRzQkF6cnZON0hQUUtweDRTMkxMbUJyRUw3bk40OUpVaUljT3dTTjM4U19MbU5CbjcxaUtrb3Z2cF8yMjdqbUxPeHphUWc?oc=5,,,No valid content / Page blocked,2026-03-01 17:28:00.456689
360ONE.NS,2025-12-24 12:29:31,360 ONE WAM Grants 35.28 Lakh ESOPs to Employees - scanx.trade,scanx.trade,https://news.google.com/rss/articles/CBMi3wFBVV95cUxNbEFpSTlNSnd6emwwOFZaekpNMFJBME5sQ2VGNXdudTdZMXlkMzg1clRvbVJFNjNRalBUTVJPNkNwTDV0MW5qMExhVXduYU5NekRGZUJ0SG1WTlY5SVVvSDJQZTl1TFVXblRYb0dpUkRfbWVuWjBMVjFSa25jODU2YmpqLXlyTkxHSFRzZ0ZMN1NRbi1GcFgwaUg2Z0ItLUIydjNHWnhlNjJhellJSzZPdFdYcnc0d1R5aFYyRUl0RUlaZHA1MFduQU5pU0RkYnBBYllMVk9RdjNNZ080a3hj?oc=5,,,No valid content / Page blocked,2026-03-01 17:28:06.950946
3MINDIA.NS,2025-07-25 07:00:00,"LIC, Lupin to Divi's: 10 key companies to trade ex-date for up to ₹535 dividend on 25 July - livemint.com",livemint.com,https://news.google.com/rss/articles/CBMi-wFBVV95cUxOdVBubC1QaW9DVXFKSEJCblA3NjkzNzRULUo1Y1MwZ3QyS0xoSXJBU0lDdGFHdWZTeTN3ZkRQMkxWQXFfdjhXNlFvSnVia1F5MHlEemllbG4zNV9FMGpzdXlITVNpNk5JY2FaTlJWX0lYOFZERlJHV1lPTXIxUUU5S1pFQVZuN3VjdUdtMW9EY3dCVnBXaDROUlZ2REtZX19oczlBcWhpeW1KLW5PU0NlUHBtZFBFdENEd1UtX0IwOW84VEFkeHB2QktPbU81cldBRGpqLXBjQWxvUHlkUHh5a0JKLUJRX3l3MmNXbHJ6ZzlyYUx5TUs0LXAwd9IBgAJBVV95cUxPYl9JckR6WENXOTdPTHYxQklaYjRoU1dOX3RjamlJZWtieXFXa05KY1RrbUJ0N2pNVHdMWm9qUloyVUNvbGJRSy1NbmM1YlVVc1dqRGNnNFNQaGt5RFdjQzREUHRNcEFVemp4U1ZDdzhoZDEzNHVjWmlzUUhDU2l2endUcm1LRnpuckx5TGw4c1JBZG16cXFHU0l2dnhpWGJnR24td01iS3lLOVZwVm9qSHBzMklJQ2dCdVFuQXZwenMyZDBLRFJjenFMdzZ0UXEzUXJlRC1Vb3gtdmxndEk2elJpSUNrSE1NSC15eWRVQlBpZGhoc0Nqc1doSS1IQzZt?oc=5,,,No valid content / Page blocked,2026-03-01 17:28:17.108569
3MINDIA.NS,2025-02-07 08:00:00,Q3 Results 2025: LIC profit rises by 16.26%; M&M profit up 19.64% - financialexpress.com,financialexpress.com,https://news.google.com/rss/articles/CBMigwJBVV95cUxOZGthYl9OWXdNZ25pQVdRdHBzTDNfUHNxamVZdW9Ga0k1LTUzWThzczFuaWRJQUxrQmJXVUZOSmJuVUg4ekY2YXJiWGhTel9HUGNuSWNmdlIxY0s1c1c4QWo3TmM0anFGTkRWRGxpc1M3RDFlaVlaY0NRUXpjUzg2TzM3TW8tYmFUYTU3Y0IwSkZEQ3hKSWJkTTl4WVNBSjdpX2lBNEItV09pVUhKa2JHbklmeFlRSGlpcjY4TkctQUtRRVp3Tk4zaFg1OGNQVUJad3lDTzc5cnJ2dEw4aUZvT3FwMnpVWEJpQThJVnQzWHpnTUlYMEJCdFJHYmxSOWJReElZ?oc=5,,,No valid content / Page blocked,2026-03-01 17:28:27.053311
3MINDIA.NS,2025-02-07 08:00:00,"Q3 results today: LIC, M&M, Edelweiss Financial, 3M India, Delhivery, Sun TV, Ola Electric Mobility & more on February 7 - livemint.com",livemint.com,https://news.google.com/rss/articles/CBMimgJBVV95cUxQZC1Xbm14cVJ2U2FuN3c2UlN6aGZORkpBWUNIMm1scFNvcENXYm40aGk3X053WEE4MjJLU0ktZjdSRjU4SjhlWkJtVFpvZGlZZFVTb3VUMVJDTFpmb0Vxc3RqR0F6dk5pVWpOUE8tUVItMXNXMDJwck1oeVhHRnpleXZWcTB2ZlFxZ2djb2l4d1pTdDdpWFNNZGxraFV1eXNVdF9ldWFxdl9kVDNTcllyOXRYRTE3Ym5ZbDNRRjFXWmY2STdpVEtheU5BNUpKMEdrUFhQY0Y2N0p4b25Ea3B0clJTTzAwN2c0bnhkMC1VUVMtMXNqc3ozdUhCV1BNelF0elBwRWRxRUxBZUVIUGFocFFmUEEtUWdseEHSAZ8CQVVfeXFMUGYtenpiXzNQV0ppSjl3eElpS2Y4bDluM0o1ZVl3MXRhd1h0ckExaHhkMS1ZSklnSHN1Slo0NzNtVWxQbUVQUFhobzBjX2Vvb0FvZlpIcGkxTXh3bXpUWFk3ZnJMR0dveXJvemR4MmxiTV95MmhNZnNNZk5tQXNVLWU4V05jZlUtQ1VuTEFRQmEyby1PWDNqUnJaMDQ0eDBvdjhaVWV5MHNjSXZ1QUZ0NjVERk9xSDZlRWxoWWlPWFBERDh0bjhzZHBmcHA2Z1d1YU52QTlCWlo4bHRoT0M0dVl3YVE4a1JNS0YzQjQyTmV6bGVCVmEwOS1EbW5iWlp1QTZ4bXVYVHZfdE15MDVIV1ZVTFF1LUliVElMS3pSY1U?oc=5,,,No valid content / Page blocked,2026-03-01 17:28:36.570164
3MINDIA.NS,2022-12-19 08:00:00,"10 companies that should do a stock split in 2023, but probably won’t | Stock Market News - livemint.com",livemint.com,https://news.google.com/rss/articles/CBMi0wFBVV95cUxQTmZEVElEaHd2bXNHc0VxVXdNMFFWNVpBNlhaa2RWbGdfMnZ0VkM2Rk5SbG0zVUJBVC1yaVlSU3NMRFV0SVV6TGdwM0tJR3l4bk9VUnp3VXFxRTc4SGEycDJSSFNVaUlMdWwyb01SWnI0dDA0Q1BMbDNnb0hpT1Q4V2ZIOS1BZkZxQlBjczJRTzNNYWZlaVBrNjdYZ2dQMWZHM2J5d0ppdFRieHpjRE03c2ZjQ0FIUVNTZEI3SzFybC1EWWtCemU3Y0lHU0xtSGluY25n0gHYAUFVX3lxTE4zYlg3ZjFycDRsdFczalR1WWdoLUFaX25TUkdrTUtrMGlqVnBvLXhJYkJPWV9Bd2R5ZGlLR1BsalFmYnhIMDRCREJLQzZSM2NUTEVYX1JzQVhmYkRzXzB1VER2LVlLekNFdnF6U0FteDctQWlEbHdsSmdwckJqT0lCWFdlOW52STllT09SLUNmOGZldXhGSWRzbjZadWlXN1hvRlRwbEJZZWRvYmFnZGZNVnVxY2RMa0Vya1pRR3ZXY0c1MW9DTjhBT3lYaXUyWENfdzJ0b0JCRA?oc=5,,,No valid content / Page blocked,2026-03-01 17:28:45.094094
3MINDIA.NS,2021-11-12 08:00:00,"Sensex jumps 767 pts, Nifty at 18,102; IT, realty, energy shine - livemint.com",livemint.com,https://news.google.com/rss/articles/CBMi1AFBVV95cUxNNVNVWFJhM3IwYWNvaUR4R3djOGp0TUdweTZCdXFGZWpnSGxCNWstZ0xpMVVTY3ZqNWM4aXFjRmlkMW1IejBfaFZMS29YckRsWTJpaGlqYlZzcnVYcVgySGNDcFBsMWJkaTFkNHlYQ1pmUWRSVmRTQzZ3SW1ZZi1zcDNkRVVucF9MVnAxYXhwblRKWmMwWkJ6ZUNFUXNCWElPTy01NnRLdm1GTk9MbzFnOUlUUkxMcDlXbXBTTllGRFRZNDNGeTlnS0NJeFR0b25SVVRROdIB2gFBVV95cUxOd2xZRWxnNkJ2c2Qxc1pXYk40Q016RzB2dGFScW9LelBNeUhOLWkyaW5tVTZjZ3RCT2ZfcVZyYjN4dk1vZU4xa0VHTVV4eE9MS20xM3dpMWt3djItNE1kOWVoWVJpT0FxakFzYWRWZFVOa3N4OG5GSncxcGtsRW5FUWxLalNGVkRBaWVyYkJRTFVxdTJwTU5KU1FxdElpVTMtc3MxOXVOZ2QxdFh0TFVDV01YcmlzeUtWQW4xaUdpbFlNNmM3V29jOHlSeGRWdm9qdWxXaVhudjBoQQ?oc=5,,,No valid content / Page blocked,2026-03-01 17:28:53.187573
3MINDIA.NS,2021-11-05 07:00:00,The Indian automotive paints and coatings industry is expected to grow 30% in 2021-2026 — Permagard - financialexpress.com,financialexpress.com,https://news.google.com/rss/articles/CBMiiwJBVV95cUxQWURnNlVhOUlDOWNYVGFxSzhjZTBWSGU0Q1VsZFJyZEkyT3NGRWtJTFl4d0lFNUQzUnVoMml5OVo0RkZnckNrb2otTUxWTC00LXdnSk5pTGcwUDIxdW04YTY0NTFMd2RWdWU3Q2Z2RVBRT1piMWc4YXJ2aVE2bDMxYk9oZ3RibjQyY2kwU1VwcEtyLUtfY0RCM3RmWU5nZlRSNGw4RU1LQXBHeXRyQmJXTl94ZWFkQjRPeVZTOUh3OVlhY2JxbnlXTzRLZWR6N2VKanZOSFFVZTJWdkpjR0NSQmhPeDAwWF9Ga1A5M25CRHRKYzMwNXJoWjNnNTZPbV9Lb09uVlFWVWh3Z2fSAZICQVVfeXFMTTRjUnF3cGh0b1VDR2JQNlVNZWtIcjdPdUJGWC1Oam1LeklmVlc3UHg3My1XOFZfQldnRjhoQ3hUemI0NVB3RGIwLVNFWDFaOW9xWDRRUXgxZENGdXE0Z2RrZHFOLWZYbFB1Y3l4QnB5blhaOHB2OTB2VGY1T1psbnViZzV1N0ZqT2VXV2ZqUkxIOUpQYkJxTE5KSzdFMFFieGd4V1hQOWM2eDk1U3RYMlp3NndVTTVJejM3a0V1d0VfbjU1ZjF5ODlFcThCTTBQcWtUOGdPSVRNVkJrOS1zOHk3aEFsYnBlQkhEQW01eDNuYXBsa25WQmVwTkxZbVhqb0tiMHRLRXM3MmlnVzYxODVldw?oc=5,,,No valid content / Page blocked,2026-03-01 17:29:02.936894
3MINDIA.NS,2021-04-25 07:00:00,3M is committed to improving clinician-patient engagement: Rajiv Gupta - livemint.com,livemint.com,https://news.google.com/rss/articles/CBMixAFBVV95cUxNb0U3S29sWDFCbnUtd0l4OXRIdFpRRzRPQi1pUlpxSU1HOXM2TG9mQWdNRU1mRWVFV2dFMjFiYmZpNkxpOXNXbjM3OEFvSWNnOHJ5X0N4T1JUQ3hwdkNOaUVPTXVQdVQ4Z0ZhWnJGVW1uaWFRd3ZxWU1UUVY0ZlJmRk1PUWtzVjItQ3JUbVlMRTBhS29BblZFamNRelBpT2hLOXl2QUFpYzRpdy1jXzJfNVpTRE9wcjVIcThEYm1WVHJabGh30gHKAUFVX3lxTE9Xd0gzUzRDVzRFZGNZWENYNWVjeWF2MnhPWjBoMGpBN2V1dm9CUDlxWVpLbXZjUUJER3A3QlROc3JvVXdTOXdsalByRjJmTS1GRmxzbTdiWkZrYkZ4aFEyN2k4dGRXV18tQ3d0OUJWSGxIczkxZkQxcW9pX0xnWmlWbmI0b0JTeTJpdE9xZGUzZkJHMmI4cmNvdFhaQ25KWXpSLVRuUnhncmVWYTU5dnpLTXpvT3NuaWRYbDFDWUFvaEFMWldmZ2hiMWc?oc=5,Google News,,No valid content / Page blocked,2026-03-01 17:29:11.818666
